2 	79279	/discussions/isaca/view/79279-exam-cisa-topic-1-question-2-discussion/
3 	80350	/discussions/isaca/view/80350-exam-cisa-topic-1-question-3-discussion/
4 	80354	/discussions/isaca/view/80354-exam-cisa-topic-1-question-4-discussion/
6 	82071	/discussions/isaca/view/82071-exam-cisa-topic-1-question-6-discussion/
7 	81233	/discussions/isaca/view/81233-exam-cisa-topic-1-question-7-discussion/
9 	83564	/discussions/isaca/view/83564-exam-cisa-topic-1-question-9-discussion/
11 	85527	/discussions/isaca/view/85527-exam-cisa-topic-1-question-11-discussion/
12 	80494	/discussions/isaca/view/80494-exam-cisa-topic-1-question-12-discussion/
13 	104336	/discussions/isaca/view/104336-exam-cisa-topic-1-question-13-discussion/
15 	92147	/discussions/isaca/view/92147-exam-cisa-topic-1-question-15-discussion/
16 	79973	/discussions/isaca/view/79973-exam-cisa-topic-1-question-16-discussion/
17 	79902	/discussions/isaca/view/79902-exam-cisa-topic-1-question-17-discussion/
18 	80507	/discussions/isaca/view/80507-exam-cisa-topic-1-question-18-discussion/
19 	80508	/discussions/isaca/view/80508-exam-cisa-topic-1-question-19-discussion/
21 	80117	/discussions/isaca/view/80117-exam-cisa-topic-1-question-21-discussion/
22 	79297	/discussions/isaca/view/79297-exam-cisa-topic-1-question-22-discussion/
23 	114552	/discussions/isaca/view/114552-exam-cisa-topic-1-question-23-discussion/
24 	111164	/discussions/isaca/view/111164-exam-cisa-topic-1-question-24-discussion/
25 	104170	/discussions/isaca/view/104170-exam-cisa-topic-1-question-25-discussion/
27 	114553	/discussions/isaca/view/114553-exam-cisa-topic-1-question-27-discussion/
29 	114555	/discussions/isaca/view/114555-exam-cisa-topic-1-question-29-discussion/
30 	114556	/discussions/isaca/view/114556-exam-cisa-topic-1-question-30-discussion/
32 	80454	/discussions/isaca/view/80454-exam-cisa-topic-1-question-32-discussion/
33 	80334	/discussions/isaca/view/80334-exam-cisa-topic-1-question-33-discussion/
34 	80623	/discussions/isaca/view/80623-exam-cisa-topic-1-question-34-discussion/
35 	80344	/discussions/isaca/view/80344-exam-cisa-topic-1-question-35-discussion/
36 	79667	/discussions/isaca/view/79667-exam-cisa-topic-1-question-36-discussion/
37 	80455	/discussions/isaca/view/80455-exam-cisa-topic-1-question-37-discussion/
38 	80456	/discussions/isaca/view/80456-exam-cisa-topic-1-question-38-discussion/
40 	79901	/discussions/isaca/view/79901-exam-cisa-topic-1-question-40-discussion/
41 	114688	/discussions/isaca/view/114688-exam-cisa-topic-1-question-41-discussion/
42 	114689	/discussions/isaca/view/114689-exam-cisa-topic-1-question-42-discussion/
43 	114690	/discussions/isaca/view/114690-exam-cisa-topic-1-question-43-discussion/
44 	89329	/discussions/isaca/view/89329-exam-cisa-topic-1-question-44-discussion/
45 	114692	/discussions/isaca/view/114692-exam-cisa-topic-1-question-45-discussion/
46 	80457	/discussions/isaca/view/80457-exam-cisa-topic-1-question-46-discussion/
47 	101997	/discussions/isaca/view/101997-exam-cisa-topic-1-question-47-discussion/
48 	114694	/discussions/isaca/view/114694-exam-cisa-topic-1-question-48-discussion/
49 	81254	/discussions/isaca/view/81254-exam-cisa-topic-1-question-49-discussion/
50 	114696	/discussions/isaca/view/114696-exam-cisa-topic-1-question-50-discussion/
51 	114235	/discussions/isaca/view/114235-exam-cisa-topic-1-question-51-discussion/
53 	99139	/discussions/isaca/view/99139-exam-cisa-topic-1-question-53-discussion/
54 	114699	/discussions/isaca/view/114699-exam-cisa-topic-1-question-54-discussion/
55 	92314	/discussions/isaca/view/92314-exam-cisa-topic-1-question-55-discussion/
56 	98505	/discussions/isaca/view/98505-exam-cisa-topic-1-question-56-discussion/
57 	80947	/discussions/isaca/view/80947-exam-cisa-topic-1-question-57-discussion/
58 	101792	/discussions/isaca/view/101792-exam-cisa-topic-1-question-58-discussion/
59 	104696	/discussions/isaca/view/104696-exam-cisa-topic-1-question-59-discussion/
60 	103626	/discussions/isaca/view/103626-exam-cisa-topic-1-question-60-discussion/
61 	111233	/discussions/isaca/view/111233-exam-cisa-topic-1-question-61-discussion/
62 	80885	/discussions/isaca/view/80885-exam-cisa-topic-1-question-62-discussion/
63 	114700	/discussions/isaca/view/114700-exam-cisa-topic-1-question-63-discussion/
64 	103627	/discussions/isaca/view/103627-exam-cisa-topic-1-question-64-discussion/
66 	80459	/discussions/isaca/view/80459-exam-cisa-topic-1-question-66-discussion/
67 	106053	/discussions/isaca/view/106053-exam-cisa-topic-1-question-67-discussion/
68 	114702	/discussions/isaca/view/114702-exam-cisa-topic-1-question-68-discussion/
69 	114704	/discussions/isaca/view/114704-exam-cisa-topic-1-question-69-discussion/
70 	114705	/discussions/isaca/view/114705-exam-cisa-topic-1-question-70-discussion/
71 	80128	/discussions/isaca/view/80128-exam-cisa-topic-1-question-71-discussion/
72 	80462	/discussions/isaca/view/80462-exam-cisa-topic-1-question-72-discussion/
73 	81023	/discussions/isaca/view/81023-exam-cisa-topic-1-question-73-discussion/
74 	80130	/discussions/isaca/view/80130-exam-cisa-topic-1-question-74-discussion/
75 	80463	/discussions/isaca/view/80463-exam-cisa-topic-1-question-75-discussion/
76 	94523	/discussions/isaca/view/94523-exam-cisa-topic-1-question-76-discussion/
77 	81359	/discussions/isaca/view/81359-exam-cisa-topic-1-question-77-discussion/
78 	114706	/discussions/isaca/view/114706-exam-cisa-topic-1-question-78-discussion/
79 	113241	/discussions/isaca/view/113241-exam-cisa-topic-1-question-79-discussion/
80 	80131	/discussions/isaca/view/80131-exam-cisa-topic-1-question-80-discussion/
82 	115227	/discussions/isaca/view/115227-exam-cisa-topic-1-question-82-discussion/
84 	115228	/discussions/isaca/view/115228-exam-cisa-topic-1-question-84-discussion/
85 	83695	/discussions/isaca/view/83695-exam-cisa-topic-1-question-85-discussion/
86 	53601	/discussions/isaca/view/53601-exam-cisa-topic-1-question-86-discussion/
87 	115229	/discussions/isaca/view/115229-exam-cisa-topic-1-question-87-discussion/
88 	110234	/discussions/isaca/view/110234-exam-cisa-topic-1-question-88-discussion/
89 	92420	/discussions/isaca/view/92420-exam-cisa-topic-1-question-89-discussion/
90 	115230	/discussions/isaca/view/115230-exam-cisa-topic-1-question-90-discussion/
91 	115231	/discussions/isaca/view/115231-exam-cisa-topic-1-question-91-discussion/
92 	115232	/discussions/isaca/view/115232-exam-cisa-topic-1-question-92-discussion/
93 	92422	/discussions/isaca/view/92422-exam-cisa-topic-1-question-93-discussion/
94 	93048	/discussions/isaca/view/93048-exam-cisa-topic-1-question-94-discussion/
95 	107528	/discussions/isaca/view/107528-exam-cisa-topic-1-question-95-discussion/
96 	80148	/discussions/isaca/view/80148-exam-cisa-topic-1-question-96-discussion/
97 	85766	/discussions/isaca/view/85766-exam-cisa-topic-1-question-97-discussion/
98 	115233	/discussions/isaca/view/115233-exam-cisa-topic-1-question-98-discussion/
99 	81262	/discussions/isaca/view/81262-exam-cisa-topic-1-question-99-discussion/
101 	94528	/discussions/isaca/view/94528-exam-cisa-topic-1-question-101-discussion/
102 	104638	/discussions/isaca/view/104638-exam-cisa-topic-1-question-102-discussion/
103 	94529	/discussions/isaca/view/94529-exam-cisa-topic-1-question-103-discussion/
104 	80167	/discussions/isaca/view/80167-exam-cisa-topic-1-question-104-discussion/
105 	83702	/discussions/isaca/view/83702-exam-cisa-topic-1-question-105-discussion/
106 	115234	/discussions/isaca/view/115234-exam-cisa-topic-1-question-106-discussion/
108 	83704	/discussions/isaca/view/83704-exam-cisa-topic-1-question-108-discussion/
109 	115235	/discussions/isaca/view/115235-exam-cisa-topic-1-question-109-discussion/
110 	115236	/discussions/isaca/view/115236-exam-cisa-topic-1-question-110-discussion/
111 	104714	/discussions/isaca/view/104714-exam-cisa-topic-1-question-111-discussion/
112 	115285	/discussions/isaca/view/115285-exam-cisa-topic-1-question-112-discussion/
113 	115286	/discussions/isaca/view/115286-exam-cisa-topic-1-question-113-discussion/
114 	81473	/discussions/isaca/view/81473-exam-cisa-topic-1-question-114-discussion/
115 	80169	/discussions/isaca/view/80169-exam-cisa-topic-1-question-115-discussion/
116 	99171	/discussions/isaca/view/99171-exam-cisa-topic-1-question-116-discussion/
117 	115021	/discussions/isaca/view/115021-exam-cisa-topic-1-question-117-discussion/
118 	115288	/discussions/isaca/view/115288-exam-cisa-topic-1-question-118-discussion/
119 	101994	/discussions/isaca/view/101994-exam-cisa-topic-1-question-119-discussion/
120 	115289	/discussions/isaca/view/115289-exam-cisa-topic-1-question-120-discussion/
122 	104718	/discussions/isaca/view/104718-exam-cisa-topic-1-question-122-discussion/
123 	81475	/discussions/isaca/view/81475-exam-cisa-topic-1-question-123-discussion/
124 	115290	/discussions/isaca/view/115290-exam-cisa-topic-1-question-124-discussion/
125 	96481	/discussions/isaca/view/96481-exam-cisa-topic-1-question-125-discussion/
126 	115291	/discussions/isaca/view/115291-exam-cisa-topic-1-question-126-discussion/
127 	115293	/discussions/isaca/view/115293-exam-cisa-topic-1-question-127-discussion/
128 	115295	/discussions/isaca/view/115295-exam-cisa-topic-1-question-128-discussion/
129 	80637	/discussions/isaca/view/80637-exam-cisa-topic-1-question-129-discussion/
130 	81266	/discussions/isaca/view/81266-exam-cisa-topic-1-question-130-discussion/
131 	102896	/discussions/isaca/view/102896-exam-cisa-topic-1-question-131-discussion/
132 	115305	/discussions/isaca/view/115305-exam-cisa-topic-1-question-132-discussion/
133 	85531	/discussions/isaca/view/85531-exam-cisa-topic-1-question-133-discussion/
134 	115306	/discussions/isaca/view/115306-exam-cisa-topic-1-question-134-discussion/
135 	115307	/discussions/isaca/view/115307-exam-cisa-topic-1-question-135-discussion/
136 	83776	/discussions/isaca/view/83776-exam-cisa-topic-1-question-136-discussion/
137 	92944	/discussions/isaca/view/92944-exam-cisa-topic-1-question-137-discussion/
138 	92617	/discussions/isaca/view/92617-exam-cisa-topic-1-question-138-discussion/
139 	115308	/discussions/isaca/view/115308-exam-cisa-topic-1-question-139-discussion/
140 	115309	/discussions/isaca/view/115309-exam-cisa-topic-1-question-140-discussion/
141 	80175	/discussions/isaca/view/80175-exam-cisa-topic-1-question-141-discussion/
142 	102010	/discussions/isaca/view/102010-exam-cisa-topic-1-question-142-discussion/
143 	115310	/discussions/isaca/view/115310-exam-cisa-topic-1-question-143-discussion/
144 	104849	/discussions/isaca/view/104849-exam-cisa-topic-1-question-144-discussion/
145 	115311	/discussions/isaca/view/115311-exam-cisa-topic-1-question-145-discussion/
146 	115312	/discussions/isaca/view/115312-exam-cisa-topic-1-question-146-discussion/
147 	115313	/discussions/isaca/view/115313-exam-cisa-topic-1-question-147-discussion/
148 	83779	/discussions/isaca/view/83779-exam-cisa-topic-1-question-148-discussion/
149 	115314	/discussions/isaca/view/115314-exam-cisa-topic-1-question-149-discussion/
150 	105608	/discussions/isaca/view/105608-exam-cisa-topic-1-question-150-discussion/
151 	115315	/discussions/isaca/view/115315-exam-cisa-topic-1-question-151-discussion/
152 	115316	/discussions/isaca/view/115316-exam-cisa-topic-1-question-152-discussion/
153 	93568	/discussions/isaca/view/93568-exam-cisa-topic-1-question-153-discussion/
154 	83887	/discussions/isaca/view/83887-exam-cisa-topic-1-question-154-discussion/
155 	111313	/discussions/isaca/view/111313-exam-cisa-topic-1-question-155-discussion/
156 	115317	/discussions/isaca/view/115317-exam-cisa-topic-1-question-156-discussion/
157 	84830	/discussions/isaca/view/84830-exam-cisa-topic-1-question-157-discussion/
158 	115318	/discussions/isaca/view/115318-exam-cisa-topic-1-question-158-discussion/
159 	88815	/discussions/isaca/view/88815-exam-cisa-topic-1-question-159-discussion/
160 	83893	/discussions/isaca/view/83893-exam-cisa-topic-1-question-160-discussion/
161 	113831	/discussions/isaca/view/113831-exam-cisa-topic-1-question-161-discussion/
162 	108367	/discussions/isaca/view/108367-exam-cisa-topic-1-question-162-discussion/
163 	105668	/discussions/isaca/view/105668-exam-cisa-topic-1-question-163-discussion/
164 	84843	/discussions/isaca/view/84843-exam-cisa-topic-1-question-164-discussion/
165 	83897	/discussions/isaca/view/83897-exam-cisa-topic-1-question-165-discussion/
166 	38956	/discussions/isaca/view/38956-exam-cisa-topic-1-question-166-discussion/
167 	84849	/discussions/isaca/view/84849-exam-cisa-topic-1-question-167-discussion/
168 	103489	/discussions/isaca/view/103489-exam-cisa-topic-1-question-168-discussion/
169 	113836	/discussions/isaca/view/113836-exam-cisa-topic-1-question-169-discussion/
170 	115319	/discussions/isaca/view/115319-exam-cisa-topic-1-question-170-discussion/
171 	84852	/discussions/isaca/view/84852-exam-cisa-topic-1-question-171-discussion/
172 	115320	/discussions/isaca/view/115320-exam-cisa-topic-1-question-172-discussion/
174 	115471	/discussions/isaca/view/115471-exam-cisa-topic-1-question-174-discussion/
175 	115321	/discussions/isaca/view/115321-exam-cisa-topic-1-question-175-discussion/
176 	110856	/discussions/isaca/view/110856-exam-cisa-topic-1-question-176-discussion/
177 	93634	/discussions/isaca/view/93634-exam-cisa-topic-1-question-177-discussion/
178 	54049	/discussions/isaca/view/54049-exam-cisa-topic-1-question-178-discussion/
179 	84855	/discussions/isaca/view/84855-exam-cisa-topic-1-question-179-discussion/
180 	115322	/discussions/isaca/view/115322-exam-cisa-topic-1-question-180-discussion/
181 	115324	/discussions/isaca/view/115324-exam-cisa-topic-1-question-181-discussion/
182 	115325	/discussions/isaca/view/115325-exam-cisa-topic-1-question-182-discussion/
183 	115326	/discussions/isaca/view/115326-exam-cisa-topic-1-question-183-discussion/
184 	61003	/discussions/isaca/view/61003-exam-cisa-topic-1-question-184-discussion/
185 	66019	/discussions/isaca/view/66019-exam-cisa-topic-1-question-185-discussion/
186 	115327	/discussions/isaca/view/115327-exam-cisa-topic-1-question-186-discussion/
188 	115328	/discussions/isaca/view/115328-exam-cisa-topic-1-question-188-discussion/
189 	89880	/discussions/isaca/view/89880-exam-cisa-topic-1-question-189-discussion/
190 	108456	/discussions/isaca/view/108456-exam-cisa-topic-1-question-190-discussion/
191 	108722	/discussions/isaca/view/108722-exam-cisa-topic-1-question-191-discussion/
192 	115329	/discussions/isaca/view/115329-exam-cisa-topic-1-question-192-discussion/
193 	80181	/discussions/isaca/view/80181-exam-cisa-topic-1-question-193-discussion/
194 	96702	/discussions/isaca/view/96702-exam-cisa-topic-1-question-194-discussion/
195 	102021	/discussions/isaca/view/102021-exam-cisa-topic-1-question-195-discussion/
197 	92621	/discussions/isaca/view/92621-exam-cisa-topic-1-question-197-discussion/
198 	83919	/discussions/isaca/view/83919-exam-cisa-topic-1-question-198-discussion/
199 	115330	/discussions/isaca/view/115330-exam-cisa-topic-1-question-199-discussion/
200 	115331	/discussions/isaca/view/115331-exam-cisa-topic-1-question-200-discussion/
201 	84872	/discussions/isaca/view/84872-exam-cisa-topic-1-question-201-discussion/
202 	115332	/discussions/isaca/view/115332-exam-cisa-topic-1-question-202-discussion/
203 	104022	/discussions/isaca/view/104022-exam-cisa-topic-1-question-203-discussion/
204 	115333	/discussions/isaca/view/115333-exam-cisa-topic-1-question-204-discussion/
205 	96703	/discussions/isaca/view/96703-exam-cisa-topic-1-question-205-discussion/
206 	111660	/discussions/isaca/view/111660-exam-cisa-topic-1-question-206-discussion/
207 	115334	/discussions/isaca/view/115334-exam-cisa-topic-1-question-207-discussion/
208 	115335	/discussions/isaca/view/115335-exam-cisa-topic-1-question-208-discussion/
209 	107654	/discussions/isaca/view/107654-exam-cisa-topic-1-question-209-discussion/
210 	108495	/discussions/isaca/view/108495-exam-cisa-topic-1-question-210-discussion/
211 	115337	/discussions/isaca/view/115337-exam-cisa-topic-1-question-211-discussion/
212 	115339	/discussions/isaca/view/115339-exam-cisa-topic-1-question-212-discussion/
213 	112533	/discussions/isaca/view/112533-exam-cisa-topic-1-question-213-discussion/
214 	115340	/discussions/isaca/view/115340-exam-cisa-topic-1-question-214-discussion/
215 	83744	/discussions/isaca/view/83744-exam-cisa-topic-1-question-215-discussion/
216 	115342	/discussions/isaca/view/115342-exam-cisa-topic-1-question-216-discussion/
217 	106202	/discussions/isaca/view/106202-exam-cisa-topic-1-question-217-discussion/
218 	114435	/discussions/isaca/view/114435-exam-cisa-topic-1-question-218-discussion/
219 	93952	/discussions/isaca/view/93952-exam-cisa-topic-1-question-219-discussion/
220 	99130	/discussions/isaca/view/99130-exam-cisa-topic-1-question-220-discussion/
221 	115343	/discussions/isaca/view/115343-exam-cisa-topic-1-question-221-discussion/
222 	84321	/discussions/isaca/view/84321-exam-cisa-topic-1-question-222-discussion/
223 	102113	/discussions/isaca/view/102113-exam-cisa-topic-1-question-223-discussion/
224 	115344	/discussions/isaca/view/115344-exam-cisa-topic-1-question-224-discussion/
225 	115345	/discussions/isaca/view/115345-exam-cisa-topic-1-question-225-discussion/
226 	99131	/discussions/isaca/view/99131-exam-cisa-topic-1-question-226-discussion/
227 	57860	/discussions/isaca/view/57860-exam-cisa-topic-1-question-227-discussion/
228 	108507	/discussions/isaca/view/108507-exam-cisa-topic-1-question-228-discussion/
229 	115346	/discussions/isaca/view/115346-exam-cisa-topic-1-question-229-discussion/
230 	44730	/discussions/isaca/view/44730-exam-cisa-topic-1-question-230-discussion/
231 	115348	/discussions/isaca/view/115348-exam-cisa-topic-1-question-231-discussion/
232 	115349	/discussions/isaca/view/115349-exam-cisa-topic-1-question-232-discussion/
233 	115350	/discussions/isaca/view/115350-exam-cisa-topic-1-question-233-discussion/
234 	111336	/discussions/isaca/view/111336-exam-cisa-topic-1-question-234-discussion/
235 	115351	/discussions/isaca/view/115351-exam-cisa-topic-1-question-235-discussion/
236 	115352	/discussions/isaca/view/115352-exam-cisa-topic-1-question-236-discussion/
237 	21704	/discussions/isaca/view/21704-exam-cisa-topic-1-question-237-discussion/
238 	81278	/discussions/isaca/view/81278-exam-cisa-topic-1-question-238-discussion/
239 	107833	/discussions/isaca/view/107833-exam-cisa-topic-1-question-239-discussion/
240 	53478	/discussions/isaca/view/53478-exam-cisa-topic-1-question-240-discussion/
241 	115353	/discussions/isaca/view/115353-exam-cisa-topic-1-question-241-discussion/
242 	71617	/discussions/isaca/view/71617-exam-cisa-topic-1-question-242-discussion/
243 	68414	/discussions/isaca/view/68414-exam-cisa-topic-1-question-243-discussion/
244 	108922	/discussions/isaca/view/108922-exam-cisa-topic-1-question-244-discussion/
245 	83938	/discussions/isaca/view/83938-exam-cisa-topic-1-question-245-discussion/
246 	93982	/discussions/isaca/view/93982-exam-cisa-topic-1-question-246-discussion/
247 	115355	/discussions/isaca/view/115355-exam-cisa-topic-1-question-247-discussion/
248 	106514	/discussions/isaca/view/106514-exam-cisa-topic-1-question-248-discussion/
249 	80383	/discussions/isaca/view/80383-exam-cisa-topic-1-question-249-discussion/
250 	111878	/discussions/isaca/view/111878-exam-cisa-topic-1-question-250-discussion/
251 	115356	/discussions/isaca/view/115356-exam-cisa-topic-1-question-251-discussion/
252 	89920	/discussions/isaca/view/89920-exam-cisa-topic-1-question-252-discussion/
253 	115357	/discussions/isaca/view/115357-exam-cisa-topic-1-question-253-discussion/
254 	80441	/discussions/isaca/view/80441-exam-cisa-topic-1-question-254-discussion/
255 	115358	/discussions/isaca/view/115358-exam-cisa-topic-1-question-255-discussion/
256 	115359	/discussions/isaca/view/115359-exam-cisa-topic-1-question-256-discussion/
257 	106656	/discussions/isaca/view/106656-exam-cisa-topic-1-question-257-discussion/
258 	108541	/discussions/isaca/view/108541-exam-cisa-topic-1-question-258-discussion/
259 	80442	/discussions/isaca/view/80442-exam-cisa-topic-1-question-259-discussion/
260 	108542	/discussions/isaca/view/108542-exam-cisa-topic-1-question-260-discussion/
261 	114474	/discussions/isaca/view/114474-exam-cisa-topic-1-question-261-discussion/
262 	80444	/discussions/isaca/view/80444-exam-cisa-topic-1-question-262-discussion/
263 	115360	/discussions/isaca/view/115360-exam-cisa-topic-1-question-263-discussion/
264 	115361	/discussions/isaca/view/115361-exam-cisa-topic-1-question-264-discussion/
265 	108545	/discussions/isaca/view/108545-exam-cisa-topic-1-question-265-discussion/
266 	80446	/discussions/isaca/view/80446-exam-cisa-topic-1-question-266-discussion/
267 	84107	/discussions/isaca/view/84107-exam-cisa-topic-1-question-267-discussion/
268 	115362	/discussions/isaca/view/115362-exam-cisa-topic-1-question-268-discussion/
269 	80611	/discussions/isaca/view/80611-exam-cisa-topic-1-question-269-discussion/
270 	90798	/discussions/isaca/view/90798-exam-cisa-topic-1-question-270-discussion/
271 	111347	/discussions/isaca/view/111347-exam-cisa-topic-1-question-271-discussion/
272 	102130	/discussions/isaca/view/102130-exam-cisa-topic-1-question-272-discussion/
273 	80448	/discussions/isaca/view/80448-exam-cisa-topic-1-question-273-discussion/
274 	115363	/discussions/isaca/view/115363-exam-cisa-topic-1-question-274-discussion/
275 	115364	/discussions/isaca/view/115364-exam-cisa-topic-1-question-275-discussion/
276 	106727	/discussions/isaca/view/106727-exam-cisa-topic-1-question-276-discussion/
277 	80640	/discussions/isaca/view/80640-exam-cisa-topic-1-question-277-discussion/
278 	115365	/discussions/isaca/view/115365-exam-cisa-topic-1-question-278-discussion/
279 	115366	/discussions/isaca/view/115366-exam-cisa-topic-1-question-279-discussion/
280 	106733	/discussions/isaca/view/106733-exam-cisa-topic-1-question-280-discussion/
281 	115368	/discussions/isaca/view/115368-exam-cisa-topic-1-question-281-discussion/
282 	110473	/discussions/isaca/view/110473-exam-cisa-topic-1-question-282-discussion/
283 	115369	/discussions/isaca/view/115369-exam-cisa-topic-1-question-283-discussion/
284 	90864	/discussions/isaca/view/90864-exam-cisa-topic-1-question-284-discussion/
285 	110301	/discussions/isaca/view/110301-exam-cisa-topic-1-question-285-discussion/
286 	115370	/discussions/isaca/view/115370-exam-cisa-topic-1-question-286-discussion/
287 	108539	/discussions/isaca/view/108539-exam-cisa-topic-1-question-287-discussion/
288 	115372	/discussions/isaca/view/115372-exam-cisa-topic-1-question-288-discussion/
289 	115373	/discussions/isaca/view/115373-exam-cisa-topic-1-question-289-discussion/
290 	115374	/discussions/isaca/view/115374-exam-cisa-topic-1-question-290-discussion/
291 	115375	/discussions/isaca/view/115375-exam-cisa-topic-1-question-291-discussion/
292 	84125	/discussions/isaca/view/84125-exam-cisa-topic-1-question-292-discussion/
293 	84477	/discussions/isaca/view/84477-exam-cisa-topic-1-question-293-discussion/
294 	114527	/discussions/isaca/view/114527-exam-cisa-topic-1-question-294-discussion/
295 	115376	/discussions/isaca/view/115376-exam-cisa-topic-1-question-295-discussion/
296 	108596	/discussions/isaca/view/108596-exam-cisa-topic-1-question-296-discussion/
297 	84126	/discussions/isaca/view/84126-exam-cisa-topic-1-question-297-discussion/
298 	115377	/discussions/isaca/view/115377-exam-cisa-topic-1-question-298-discussion/
299 	90866	/discussions/isaca/view/90866-exam-cisa-topic-1-question-299-discussion/
300 	115378	/discussions/isaca/view/115378-exam-cisa-topic-1-question-300-discussion/
301 	115379	/discussions/isaca/view/115379-exam-cisa-topic-1-question-301-discussion/
302 	110477	/discussions/isaca/view/110477-exam-cisa-topic-1-question-302-discussion/
303 	108648	/discussions/isaca/view/108648-exam-cisa-topic-1-question-303-discussion/
304 	90870	/discussions/isaca/view/90870-exam-cisa-topic-1-question-304-discussion/
305 	90021	/discussions/isaca/view/90021-exam-cisa-topic-1-question-305-discussion/
306 	107588	/discussions/isaca/view/107588-exam-cisa-topic-1-question-306-discussion/
307 	67561	/discussions/isaca/view/67561-exam-cisa-topic-1-question-307-discussion/
308 	102182	/discussions/isaca/view/102182-exam-cisa-topic-1-question-308-discussion/
309 	90871	/discussions/isaca/view/90871-exam-cisa-topic-1-question-309-discussion/
310 	90022	/discussions/isaca/view/90022-exam-cisa-topic-1-question-310-discussion/
311 	115383	/discussions/isaca/view/115383-exam-cisa-topic-1-question-311-discussion/
312 	115384	/discussions/isaca/view/115384-exam-cisa-topic-1-question-312-discussion/
313 	80603	/discussions/isaca/view/80603-exam-cisa-topic-1-question-313-discussion/
314 	111151	/discussions/isaca/view/111151-exam-cisa-topic-1-question-314-discussion/
315 	80955	/discussions/isaca/view/80955-exam-cisa-topic-1-question-315-discussion/
316 	109898	/discussions/isaca/view/109898-exam-cisa-topic-1-question-316-discussion/
317 	115386	/discussions/isaca/view/115386-exam-cisa-topic-1-question-317-discussion/
318 	115388	/discussions/isaca/view/115388-exam-cisa-topic-1-question-318-discussion/
319 	115389	/discussions/isaca/view/115389-exam-cisa-topic-1-question-319-discussion/
320 	115390	/discussions/isaca/view/115390-exam-cisa-topic-1-question-320-discussion/
321 	80617	/discussions/isaca/view/80617-exam-cisa-topic-1-question-321-discussion/
322 	115391	/discussions/isaca/view/115391-exam-cisa-topic-1-question-322-discussion/
323 	112859	/discussions/isaca/view/112859-exam-cisa-topic-1-question-323-discussion/
324 	115394	/discussions/isaca/view/115394-exam-cisa-topic-1-question-324-discussion/
325 	115395	/discussions/isaca/view/115395-exam-cisa-topic-1-question-325-discussion/
326 	115396	/discussions/isaca/view/115396-exam-cisa-topic-1-question-326-discussion/
327 	96891	/discussions/isaca/view/96891-exam-cisa-topic-1-question-327-discussion/
328 	115397	/discussions/isaca/view/115397-exam-cisa-topic-1-question-328-discussion/
329 	115398	/discussions/isaca/view/115398-exam-cisa-topic-1-question-329-discussion/
330 	115176	/discussions/isaca/view/115176-exam-cisa-topic-1-question-330-discussion/
331 	111152	/discussions/isaca/view/111152-exam-cisa-topic-1-question-331-discussion/
332 	115403	/discussions/isaca/view/115403-exam-cisa-topic-1-question-332-discussion/
333 	115404	/discussions/isaca/view/115404-exam-cisa-topic-1-question-333-discussion/
334 	115405	/discussions/isaca/view/115405-exam-cisa-topic-1-question-334-discussion/
335 	80845	/discussions/isaca/view/80845-exam-cisa-topic-1-question-335-discussion/
336 	113517	/discussions/isaca/view/113517-exam-cisa-topic-1-question-336-discussion/
337 	62287	/discussions/isaca/view/62287-exam-cisa-topic-1-question-337-discussion/
338 	106366	/discussions/isaca/view/106366-exam-cisa-topic-1-question-338-discussion/
339 	84183	/discussions/isaca/view/84183-exam-cisa-topic-1-question-339-discussion/
340 	115406	/discussions/isaca/view/115406-exam-cisa-topic-1-question-340-discussion/
341 	64179	/discussions/isaca/view/64179-exam-cisa-topic-1-question-341-discussion/
342 	66112	/discussions/isaca/view/66112-exam-cisa-topic-1-question-342-discussion/
343 	115407	/discussions/isaca/view/115407-exam-cisa-topic-1-question-343-discussion/
344 	81288	/discussions/isaca/view/81288-exam-cisa-topic-1-question-344-discussion/
345 	11855	/discussions/isaca/view/11855-exam-cisa-topic-1-question-345-discussion/
346 	115408	/discussions/isaca/view/115408-exam-cisa-topic-1-question-346-discussion/
347 	66766	/discussions/isaca/view/66766-exam-cisa-topic-1-question-347-discussion/
348 	115409	/discussions/isaca/view/115409-exam-cisa-topic-1-question-348-discussion/
349 	42373	/discussions/isaca/view/42373-exam-cisa-topic-1-question-349-discussion/
350 	80689	/discussions/isaca/view/80689-exam-cisa-topic-1-question-350-discussion/
351 	115410	/discussions/isaca/view/115410-exam-cisa-topic-1-question-351-discussion/
352 	115411	/discussions/isaca/view/115411-exam-cisa-topic-1-question-352-discussion/
353 	115412	/discussions/isaca/view/115412-exam-cisa-topic-1-question-353-discussion/
354 	91650	/discussions/isaca/view/91650-exam-cisa-topic-1-question-354-discussion/
355 	115413	/discussions/isaca/view/115413-exam-cisa-topic-1-question-355-discussion/
356 	80856	/discussions/isaca/view/80856-exam-cisa-topic-1-question-356-discussion/
357 	106370	/discussions/isaca/view/106370-exam-cisa-topic-1-question-357-discussion/
358 	115414	/discussions/isaca/view/115414-exam-cisa-topic-1-question-358-discussion/
359 	115415	/discussions/isaca/view/115415-exam-cisa-topic-1-question-359-discussion/
360 	92830	/discussions/isaca/view/92830-exam-cisa-topic-1-question-360-discussion/
361 	115416	/discussions/isaca/view/115416-exam-cisa-topic-1-question-361-discussion/
362 	80711	/discussions/isaca/view/80711-exam-cisa-topic-1-question-362-discussion/
363 	115417	/discussions/isaca/view/115417-exam-cisa-topic-1-question-363-discussion/
364 	115418	/discussions/isaca/view/115418-exam-cisa-topic-1-question-364-discussion/
365 	101631	/discussions/isaca/view/101631-exam-cisa-topic-1-question-365-discussion/
366 	107929	/discussions/isaca/view/107929-exam-cisa-topic-1-question-366-discussion/
367 	115419	/discussions/isaca/view/115419-exam-cisa-topic-1-question-367-discussion/
368 	115420	/discussions/isaca/view/115420-exam-cisa-topic-1-question-368-discussion/
369 	115421	/discussions/isaca/view/115421-exam-cisa-topic-1-question-369-discussion/
370 	107985	/discussions/isaca/view/107985-exam-cisa-topic-1-question-370-discussion/
371 	115422	/discussions/isaca/view/115422-exam-cisa-topic-1-question-371-discussion/
372 	115423	/discussions/isaca/view/115423-exam-cisa-topic-1-question-372-discussion/
373 	115424	/discussions/isaca/view/115424-exam-cisa-topic-1-question-373-discussion/
374 	115011	/discussions/isaca/view/115011-exam-cisa-topic-1-question-374-discussion/
376 	115426	/discussions/isaca/view/115426-exam-cisa-topic-1-question-376-discussion/
377 	115427	/discussions/isaca/view/115427-exam-cisa-topic-1-question-377-discussion/
378 	115428	/discussions/isaca/view/115428-exam-cisa-topic-1-question-378-discussion/
379 	80714	/discussions/isaca/view/80714-exam-cisa-topic-1-question-379-discussion/
380 	115429	/discussions/isaca/view/115429-exam-cisa-topic-1-question-380-discussion/
381 	115431	/discussions/isaca/view/115431-exam-cisa-topic-1-question-381-discussion/
382 	81630	/discussions/isaca/view/81630-exam-cisa-topic-1-question-382-discussion/
383 	115432	/discussions/isaca/view/115432-exam-cisa-topic-1-question-383-discussion/
384 	115433	/discussions/isaca/view/115433-exam-cisa-topic-1-question-384-discussion/
385 	96916	/discussions/isaca/view/96916-exam-cisa-topic-1-question-385-discussion/
386 	107931	/discussions/isaca/view/107931-exam-cisa-topic-1-question-386-discussion/
387 	85495	/discussions/isaca/view/85495-exam-cisa-topic-1-question-387-discussion/
388 	115434	/discussions/isaca/view/115434-exam-cisa-topic-1-question-388-discussion/
389 	84202	/discussions/isaca/view/84202-exam-cisa-topic-1-question-389-discussion/
391 	84203	/discussions/isaca/view/84203-exam-cisa-topic-1-question-391-discussion/
392 	113422	/discussions/isaca/view/113422-exam-cisa-topic-1-question-392-discussion/
393 	101402	/discussions/isaca/view/101402-exam-cisa-topic-1-question-393-discussion/
394 	115437	/discussions/isaca/view/115437-exam-cisa-topic-1-question-394-discussion/
395 	91683	/discussions/isaca/view/91683-exam-cisa-topic-1-question-395-discussion/
396 	115438	/discussions/isaca/view/115438-exam-cisa-topic-1-question-396-discussion/
397 	108059	/discussions/isaca/view/108059-exam-cisa-topic-1-question-397-discussion/
398 	97016	/discussions/isaca/view/97016-exam-cisa-topic-1-question-398-discussion/
399 	115439	/discussions/isaca/view/115439-exam-cisa-topic-1-question-399-discussion/
400 	102279	/discussions/isaca/view/102279-exam-cisa-topic-1-question-400-discussion/
401 	115597	/discussions/isaca/view/115597-exam-cisa-topic-1-question-401-discussion/
402 	101368	/discussions/isaca/view/101368-exam-cisa-topic-1-question-402-discussion/
403 	115598	/discussions/isaca/view/115598-exam-cisa-topic-1-question-403-discussion/
404 	115601	/discussions/isaca/view/115601-exam-cisa-topic-1-question-404-discussion/
405 	107704	/discussions/isaca/view/107704-exam-cisa-topic-1-question-405-discussion/
406 	101369	/discussions/isaca/view/101369-exam-cisa-topic-1-question-406-discussion/
407 	94281	/discussions/isaca/view/94281-exam-cisa-topic-1-question-407-discussion/
408 	115603	/discussions/isaca/view/115603-exam-cisa-topic-1-question-408-discussion/
409 	115604	/discussions/isaca/view/115604-exam-cisa-topic-1-question-409-discussion/
410 	84231	/discussions/isaca/view/84231-exam-cisa-topic-1-question-410-discussion/
411 	115605	/discussions/isaca/view/115605-exam-cisa-topic-1-question-411-discussion/
412 	115606	/discussions/isaca/view/115606-exam-cisa-topic-1-question-412-discussion/
413 	113155	/discussions/isaca/view/113155-exam-cisa-topic-1-question-413-discussion/
414 	89091	/discussions/isaca/view/89091-exam-cisa-topic-1-question-414-discussion/
415 	115607	/discussions/isaca/view/115607-exam-cisa-topic-1-question-415-discussion/
416 	115609	/discussions/isaca/view/115609-exam-cisa-topic-1-question-416-discussion/
417 	115610	/discussions/isaca/view/115610-exam-cisa-topic-1-question-417-discussion/
418 	102265	/discussions/isaca/view/102265-exam-cisa-topic-1-question-418-discussion/
419 	115611	/discussions/isaca/view/115611-exam-cisa-topic-1-question-419-discussion/
420 	97017	/discussions/isaca/view/97017-exam-cisa-topic-1-question-420-discussion/
421 	84232	/discussions/isaca/view/84232-exam-cisa-topic-1-question-421-discussion/
422 	115612	/discussions/isaca/view/115612-exam-cisa-topic-1-question-422-discussion/
423 	102268	/discussions/isaca/view/102268-exam-cisa-topic-1-question-423-discussion/
424 	115725	/discussions/isaca/view/115725-exam-cisa-topic-1-question-424-discussion/
425 	115615	/discussions/isaca/view/115615-exam-cisa-topic-1-question-425-discussion/
426 	115616	/discussions/isaca/view/115616-exam-cisa-topic-1-question-426-discussion/
427 	115617	/discussions/isaca/view/115617-exam-cisa-topic-1-question-427-discussion/
428 	115726	/discussions/isaca/view/115726-exam-cisa-topic-1-question-428-discussion/
429 	115619	/discussions/isaca/view/115619-exam-cisa-topic-1-question-429-discussion/
430 	97018	/discussions/isaca/view/97018-exam-cisa-topic-1-question-430-discussion/
431 	115750	/discussions/isaca/view/115750-exam-cisa-topic-1-question-431-discussion/
432 	102313	/discussions/isaca/view/102313-exam-cisa-topic-1-question-432-discussion/
433 	84234	/discussions/isaca/view/84234-exam-cisa-topic-1-question-433-discussion/
434 	80758	/discussions/isaca/view/80758-exam-cisa-topic-1-question-434-discussion/
435 	115752	/discussions/isaca/view/115752-exam-cisa-topic-1-question-435-discussion/
436 	115754	/discussions/isaca/view/115754-exam-cisa-topic-1-question-436-discussion/
437 	115757	/discussions/isaca/view/115757-exam-cisa-topic-1-question-437-discussion/
438 	79783	/discussions/isaca/view/79783-exam-cisa-topic-1-question-438-discussion/
439 	110332	/discussions/isaca/view/110332-exam-cisa-topic-1-question-439-discussion/
440 	97019	/discussions/isaca/view/97019-exam-cisa-topic-1-question-440-discussion/
441 	115758	/discussions/isaca/view/115758-exam-cisa-topic-1-question-441-discussion/
442 	90324	/discussions/isaca/view/90324-exam-cisa-topic-1-question-442-discussion/
443 	107789	/discussions/isaca/view/107789-exam-cisa-topic-1-question-443-discussion/
444 	115760	/discussions/isaca/view/115760-exam-cisa-topic-1-question-444-discussion/
446 	106472	/discussions/isaca/view/106472-exam-cisa-topic-1-question-446-discussion/
447 	115762	/discussions/isaca/view/115762-exam-cisa-topic-1-question-447-discussion/
448 	110273	/discussions/isaca/view/110273-exam-cisa-topic-1-question-448-discussion/
450 	84241	/discussions/isaca/view/84241-exam-cisa-topic-1-question-450-discussion/
451 	110275	/discussions/isaca/view/110275-exam-cisa-topic-1-question-451-discussion/
452 	115763	/discussions/isaca/view/115763-exam-cisa-topic-1-question-452-discussion/
453 	110335	/discussions/isaca/view/110335-exam-cisa-topic-1-question-453-discussion/
454 	108318	/discussions/isaca/view/108318-exam-cisa-topic-1-question-454-discussion/
455 	113656	/discussions/isaca/view/113656-exam-cisa-topic-1-question-455-discussion/
456 	110336	/discussions/isaca/view/110336-exam-cisa-topic-1-question-456-discussion/
457 	115764	/discussions/isaca/view/115764-exam-cisa-topic-1-question-457-discussion/
458 	80778	/discussions/isaca/view/80778-exam-cisa-topic-1-question-458-discussion/
459 	115765	/discussions/isaca/view/115765-exam-cisa-topic-1-question-459-discussion/
460 	115766	/discussions/isaca/view/115766-exam-cisa-topic-1-question-460-discussion/
461 	115826	/discussions/isaca/view/115826-exam-cisa-topic-1-question-461-discussion/
462 	94291	/discussions/isaca/view/94291-exam-cisa-topic-1-question-462-discussion/
463 	115827	/discussions/isaca/view/115827-exam-cisa-topic-1-question-463-discussion/
464 	115828	/discussions/isaca/view/115828-exam-cisa-topic-1-question-464-discussion/
465 	115829	/discussions/isaca/view/115829-exam-cisa-topic-1-question-465-discussion/
466 	80779	/discussions/isaca/view/80779-exam-cisa-topic-1-question-466-discussion/
467 	115830	/discussions/isaca/view/115830-exam-cisa-topic-1-question-467-discussion/
468 	80780	/discussions/isaca/view/80780-exam-cisa-topic-1-question-468-discussion/
469 	84268	/discussions/isaca/view/84268-exam-cisa-topic-1-question-469-discussion/
470 	80781	/discussions/isaca/view/80781-exam-cisa-topic-1-question-470-discussion/
471 	115831	/discussions/isaca/view/115831-exam-cisa-topic-1-question-471-discussion/
472 	102307	/discussions/isaca/view/102307-exam-cisa-topic-1-question-472-discussion/
473 	115832	/discussions/isaca/view/115832-exam-cisa-topic-1-question-473-discussion/
474 	115833	/discussions/isaca/view/115833-exam-cisa-topic-1-question-474-discussion/
475 	115933	/discussions/isaca/view/115933-exam-cisa-topic-1-question-475-discussion/
476 	115834	/discussions/isaca/view/115834-exam-cisa-topic-1-question-476-discussion/
477 	115835	/discussions/isaca/view/115835-exam-cisa-topic-1-question-477-discussion/
478 	102315	/discussions/isaca/view/102315-exam-cisa-topic-1-question-478-discussion/
480 	115836	/discussions/isaca/view/115836-exam-cisa-topic-1-question-480-discussion/
481 	90928	/discussions/isaca/view/90928-exam-cisa-topic-1-question-481-discussion/
482 	115837	/discussions/isaca/view/115837-exam-cisa-topic-1-question-482-discussion/
483 	115838	/discussions/isaca/view/115838-exam-cisa-topic-1-question-483-discussion/
484 	80787	/discussions/isaca/view/80787-exam-cisa-topic-1-question-484-discussion/
485 	108359	/discussions/isaca/view/108359-exam-cisa-topic-1-question-485-discussion/
486 	113663	/discussions/isaca/view/113663-exam-cisa-topic-1-question-486-discussion/
487 	115839	/discussions/isaca/view/115839-exam-cisa-topic-1-question-487-discussion/
488 	84271	/discussions/isaca/view/84271-exam-cisa-topic-1-question-488-discussion/
489 	115841	/discussions/isaca/view/115841-exam-cisa-topic-1-question-489-discussion/
490 	115844	/discussions/isaca/view/115844-exam-cisa-topic-1-question-490-discussion/
491 	113453	/discussions/isaca/view/113453-exam-cisa-topic-1-question-491-discussion/
492 	115845	/discussions/isaca/view/115845-exam-cisa-topic-1-question-492-discussion/
493 	80790	/discussions/isaca/view/80790-exam-cisa-topic-1-question-493-discussion/
494 	80791	/discussions/isaca/view/80791-exam-cisa-topic-1-question-494-discussion/
495 	115846	/discussions/isaca/view/115846-exam-cisa-topic-1-question-495-discussion/
496 	80792	/discussions/isaca/view/80792-exam-cisa-topic-1-question-496-discussion/
497 	83943	/discussions/isaca/view/83943-exam-cisa-topic-1-question-497-discussion/
498 	80796	/discussions/isaca/view/80796-exam-cisa-topic-1-question-498-discussion/
499 	115848	/discussions/isaca/view/115848-exam-cisa-topic-1-question-499-discussion/
500 	115847	/discussions/isaca/view/115847-exam-cisa-topic-1-question-500-discussion/
503 	115939	/discussions/isaca/view/115939-exam-cisa-topic-1-question-503-discussion/
504 	115940	/discussions/isaca/view/115940-exam-cisa-topic-1-question-504-discussion/
505 	115944	/discussions/isaca/view/115944-exam-cisa-topic-1-question-505-discussion/
506 	115945	/discussions/isaca/view/115945-exam-cisa-topic-1-question-506-discussion/
508 	115949	/discussions/isaca/view/115949-exam-cisa-topic-1-question-508-discussion/
509 	115950	/discussions/isaca/view/115950-exam-cisa-topic-1-question-509-discussion/
510 	97936	/discussions/isaca/view/97936-exam-cisa-topic-1-question-510-discussion/
511 	115951	/discussions/isaca/view/115951-exam-cisa-topic-1-question-511-discussion/
512 	115953	/discussions/isaca/view/115953-exam-cisa-topic-1-question-512-discussion/
513 	115954	/discussions/isaca/view/115954-exam-cisa-topic-1-question-513-discussion/
514 	103773	/discussions/isaca/view/103773-exam-cisa-topic-1-question-514-discussion/
515 	115955	/discussions/isaca/view/115955-exam-cisa-topic-1-question-515-discussion/
516 	23454	/discussions/isaca/view/23454-exam-cisa-topic-1-question-516-discussion/
517 	107822	/discussions/isaca/view/107822-exam-cisa-topic-1-question-517-discussion/
518 	115956	/discussions/isaca/view/115956-exam-cisa-topic-1-question-518-discussion/
519 	84279	/discussions/isaca/view/84279-exam-cisa-topic-1-question-519-discussion/
520 	107837	/discussions/isaca/view/107837-exam-cisa-topic-1-question-520-discussion/
521 	116031	/discussions/isaca/view/116031-exam-cisa-topic-1-question-521-discussion/
522 	116032	/discussions/isaca/view/116032-exam-cisa-topic-1-question-522-discussion/
524 	80850	/discussions/isaca/view/80850-exam-cisa-topic-1-question-524-discussion/
525 	116033	/discussions/isaca/view/116033-exam-cisa-topic-1-question-525-discussion/
526 	84289	/discussions/isaca/view/84289-exam-cisa-topic-1-question-526-discussion/
527 	110523	/discussions/isaca/view/110523-exam-cisa-topic-1-question-527-discussion/
528 	116034	/discussions/isaca/view/116034-exam-cisa-topic-1-question-528-discussion/
529 	116035	/discussions/isaca/view/116035-exam-cisa-topic-1-question-529-discussion/
530 	116036	/discussions/isaca/view/116036-exam-cisa-topic-1-question-530-discussion/
532 	116037	/discussions/isaca/view/116037-exam-cisa-topic-1-question-532-discussion/
533 	116038	/discussions/isaca/view/116038-exam-cisa-topic-1-question-533-discussion/
534 	80866	/discussions/isaca/view/80866-exam-cisa-topic-1-question-534-discussion/
535 	108169	/discussions/isaca/view/108169-exam-cisa-topic-1-question-535-discussion/
536 	108375	/discussions/isaca/view/108375-exam-cisa-topic-1-question-536-discussion/
537 	116039	/discussions/isaca/view/116039-exam-cisa-topic-1-question-537-discussion/
538 	116041	/discussions/isaca/view/116041-exam-cisa-topic-1-question-538-discussion/
539 	90927	/discussions/isaca/view/90927-exam-cisa-topic-1-question-539-discussion/
540 	116042	/discussions/isaca/view/116042-exam-cisa-topic-1-question-540-discussion/
541 	80867	/discussions/isaca/view/80867-exam-cisa-topic-1-question-541-discussion/
542 	116468	/discussions/isaca/view/116468-exam-cisa-topic-1-question-542-discussion/
543 	84296	/discussions/isaca/view/84296-exam-cisa-topic-1-question-543-discussion/
544 	94354	/discussions/isaca/view/94354-exam-cisa-topic-1-question-544-discussion/
545 	116469	/discussions/isaca/view/116469-exam-cisa-topic-1-question-545-discussion/
546 	80873	/discussions/isaca/view/80873-exam-cisa-topic-1-question-546-discussion/
547 	116470	/discussions/isaca/view/116470-exam-cisa-topic-1-question-547-discussion/
548 	84297	/discussions/isaca/view/84297-exam-cisa-topic-1-question-548-discussion/
549 	116471	/discussions/isaca/view/116471-exam-cisa-topic-1-question-549-discussion/
550 	116472	/discussions/isaca/view/116472-exam-cisa-topic-1-question-550-discussion/
551 	114193	/discussions/isaca/view/114193-exam-cisa-topic-1-question-551-discussion/
552 	80898	/discussions/isaca/view/80898-exam-cisa-topic-1-question-552-discussion/
553 	116473	/discussions/isaca/view/116473-exam-cisa-topic-1-question-553-discussion/
554 	116474	/discussions/isaca/view/116474-exam-cisa-topic-1-question-554-discussion/
555 	116475	/discussions/isaca/view/116475-exam-cisa-topic-1-question-555-discussion/
556 	116476	/discussions/isaca/view/116476-exam-cisa-topic-1-question-556-discussion/
557 	116477	/discussions/isaca/view/116477-exam-cisa-topic-1-question-557-discussion/
558 	80901	/discussions/isaca/view/80901-exam-cisa-topic-1-question-558-discussion/
559 	114195	/discussions/isaca/view/114195-exam-cisa-topic-1-question-559-discussion/
560 	80902	/discussions/isaca/view/80902-exam-cisa-topic-1-question-560-discussion/
561 	116478	/discussions/isaca/view/116478-exam-cisa-topic-1-question-561-discussion/
562 	116479	/discussions/isaca/view/116479-exam-cisa-topic-1-question-562-discussion/
563 	80904	/discussions/isaca/view/80904-exam-cisa-topic-1-question-563-discussion/
564 	27300	/discussions/isaca/view/27300-exam-cisa-topic-1-question-564-discussion/
565 	107842	/discussions/isaca/view/107842-exam-cisa-topic-1-question-565-discussion/
566 	116480	/discussions/isaca/view/116480-exam-cisa-topic-1-question-566-discussion/
567 	116481	/discussions/isaca/view/116481-exam-cisa-topic-1-question-567-discussion/
568 	116482	/discussions/isaca/view/116482-exam-cisa-topic-1-question-568-discussion/
569 	116483	/discussions/isaca/view/116483-exam-cisa-topic-1-question-569-discussion/
570 	116484	/discussions/isaca/view/116484-exam-cisa-topic-1-question-570-discussion/
571 	116485	/discussions/isaca/view/116485-exam-cisa-topic-1-question-571-discussion/
572 	94355	/discussions/isaca/view/94355-exam-cisa-topic-1-question-572-discussion/
573 	49537	/discussions/isaca/view/49537-exam-cisa-topic-1-question-573-discussion/
574 	116486	/discussions/isaca/view/116486-exam-cisa-topic-1-question-574-discussion/
576 	80910	/discussions/isaca/view/80910-exam-cisa-topic-1-question-576-discussion/
577 	80911	/discussions/isaca/view/80911-exam-cisa-topic-1-question-577-discussion/
578 	116489	/discussions/isaca/view/116489-exam-cisa-topic-1-question-578-discussion/
579 	64174	/discussions/isaca/view/64174-exam-cisa-topic-1-question-579-discussion/
580 	95133	/discussions/isaca/view/95133-exam-cisa-topic-1-question-580-discussion/
581 	116491	/discussions/isaca/view/116491-exam-cisa-topic-1-question-581-discussion/
582 	116490	/discussions/isaca/view/116490-exam-cisa-topic-1-question-582-discussion/
583 	110350	/discussions/isaca/view/110350-exam-cisa-topic-1-question-583-discussion/
584 	116492	/discussions/isaca/view/116492-exam-cisa-topic-1-question-584-discussion/
585 	110351	/discussions/isaca/view/110351-exam-cisa-topic-1-question-585-discussion/
586 	116493	/discussions/isaca/view/116493-exam-cisa-topic-1-question-586-discussion/
587 	116495	/discussions/isaca/view/116495-exam-cisa-topic-1-question-587-discussion/
589 	116497	/discussions/isaca/view/116497-exam-cisa-topic-1-question-589-discussion/
590 	29079	/discussions/isaca/view/29079-exam-cisa-topic-1-question-590-discussion/
591 	105665	/discussions/isaca/view/105665-exam-cisa-topic-1-question-591-discussion/
592 	96792	/discussions/isaca/view/96792-exam-cisa-topic-1-question-592-discussion/
594 	108137	/discussions/isaca/view/108137-exam-cisa-topic-1-question-594-discussion/
598 	102403	/discussions/isaca/view/102403-exam-cisa-topic-1-question-598-discussion/
600 	82646	/discussions/isaca/view/82646-exam-cisa-topic-1-question-600-discussion/
601 	110352	/discussions/isaca/view/110352-exam-cisa-topic-1-question-601-discussion/
604 	80940	/discussions/isaca/view/80940-exam-cisa-topic-1-question-604-discussion/
605 	102406	/discussions/isaca/view/102406-exam-cisa-topic-1-question-605-discussion/
607 	85771	/discussions/isaca/view/85771-exam-cisa-topic-1-question-607-discussion/
609 	93094	/discussions/isaca/view/93094-exam-cisa-topic-1-question-609-discussion/
612 	116714	/discussions/isaca/view/116714-exam-cisa-topic-1-question-612-discussion/
613 	111025	/discussions/isaca/view/111025-exam-cisa-topic-1-question-613-discussion/
619 	113929	/discussions/isaca/view/113929-exam-cisa-topic-1-question-619-discussion/
622 	83823	/discussions/isaca/view/83823-exam-cisa-topic-1-question-622-discussion/
624 	82672	/discussions/isaca/view/82672-exam-cisa-topic-1-question-624-discussion/
625 	80967	/discussions/isaca/view/80967-exam-cisa-topic-1-question-625-discussion/
626 	80966	/discussions/isaca/view/80966-exam-cisa-topic-1-question-626-discussion/
627 	107885	/discussions/isaca/view/107885-exam-cisa-topic-1-question-627-discussion/
631 	107901	/discussions/isaca/view/107901-exam-cisa-topic-1-question-631-discussion/
633 	82872	/discussions/isaca/view/82872-exam-cisa-topic-1-question-633-discussion/
634 	94414	/discussions/isaca/view/94414-exam-cisa-topic-1-question-634-discussion/
637 	93097	/discussions/isaca/view/93097-exam-cisa-topic-1-question-637-discussion/
638 	80978	/discussions/isaca/view/80978-exam-cisa-topic-1-question-638-discussion/
649 	114440	/discussions/isaca/view/114440-exam-cisa-topic-1-question-649-discussion/
650 	111028	/discussions/isaca/view/111028-exam-cisa-topic-1-question-650-discussion/
654 	102468	/discussions/isaca/view/102468-exam-cisa-topic-1-question-654-discussion/
655 	80983	/discussions/isaca/view/80983-exam-cisa-topic-1-question-655-discussion/
657 	91552	/discussions/isaca/view/91552-exam-cisa-topic-1-question-657-discussion/
658 	64348	/discussions/isaca/view/64348-exam-cisa-topic-1-question-658-discussion/
659 	91909	/discussions/isaca/view/91909-exam-cisa-topic-1-question-659-discussion/
661 	98520	/discussions/isaca/view/98520-exam-cisa-topic-1-question-661-discussion/
662 	98521	/discussions/isaca/view/98521-exam-cisa-topic-1-question-662-discussion/
663 	53541	/discussions/isaca/view/53541-exam-cisa-topic-1-question-663-discussion/
664 	94402	/discussions/isaca/view/94402-exam-cisa-topic-1-question-664-discussion/
666 	115430	/discussions/isaca/view/115430-exam-cisa-topic-1-question-666-discussion/
669 	80987	/discussions/isaca/view/80987-exam-cisa-topic-1-question-669-discussion/
673 	102480	/discussions/isaca/view/102480-exam-cisa-topic-1-question-673-discussion/
674 	38951	/discussions/isaca/view/38951-exam-cisa-topic-1-question-674-discussion/
679 	108131	/discussions/isaca/view/108131-exam-cisa-topic-1-question-679-discussion/
681 	115494	/discussions/isaca/view/115494-exam-cisa-topic-1-question-681-discussion/
690 	85797	/discussions/isaca/view/85797-exam-cisa-topic-1-question-690-discussion/
691 	111480	/discussions/isaca/view/111480-exam-cisa-topic-1-question-691-discussion/
693 	82951	/discussions/isaca/view/82951-exam-cisa-topic-1-question-693-discussion/
695 	81001	/discussions/isaca/view/81001-exam-cisa-topic-1-question-695-discussion/
697 	116724	/discussions/isaca/view/116724-exam-cisa-topic-1-question-697-discussion/
699 	81002	/discussions/isaca/view/81002-exam-cisa-topic-1-question-699-discussion/
700 	108493	/discussions/isaca/view/108493-exam-cisa-topic-1-question-700-discussion/
701 	107916	/discussions/isaca/view/107916-exam-cisa-topic-1-question-701-discussion/
705 	107919	/discussions/isaca/view/107919-exam-cisa-topic-1-question-705-discussion/
707 	81011	/discussions/isaca/view/81011-exam-cisa-topic-1-question-707-discussion/
709 	116772	/discussions/isaca/view/116772-exam-cisa-topic-1-question-709-discussion/
711 	113334	/discussions/isaca/view/113334-exam-cisa-topic-1-question-711-discussion/
713 	115736	/discussions/isaca/view/115736-exam-cisa-topic-1-question-713-discussion/
715 	116774	/discussions/isaca/view/116774-exam-cisa-topic-1-question-715-discussion/
717 	99040	/discussions/isaca/view/99040-exam-cisa-topic-1-question-717-discussion/
718 	116045	/discussions/isaca/view/116045-exam-cisa-topic-1-question-718-discussion/
719 	113335	/discussions/isaca/view/113335-exam-cisa-topic-1-question-719-discussion/
721 	116725	/discussions/isaca/view/116725-exam-cisa-topic-1-question-721-discussion/
722 	111044	/discussions/isaca/view/111044-exam-cisa-topic-1-question-722-discussion/
724 	83113	/discussions/isaca/view/83113-exam-cisa-topic-1-question-724-discussion/
727 	99079	/discussions/isaca/view/99079-exam-cisa-topic-1-question-727-discussion/
733 	96286	/discussions/isaca/view/96286-exam-cisa-topic-1-question-733-discussion/
735 	115066	/discussions/isaca/view/115066-exam-cisa-topic-1-question-735-discussion/
737 	81024	/discussions/isaca/view/81024-exam-cisa-topic-1-question-737-discussion/
739 	83212	/discussions/isaca/view/83212-exam-cisa-topic-1-question-739-discussion/
741 	102707	/discussions/isaca/view/102707-exam-cisa-topic-1-question-741-discussion/
743 	81027	/discussions/isaca/view/81027-exam-cisa-topic-1-question-743-discussion/
744 	85301	/discussions/isaca/view/85301-exam-cisa-topic-1-question-744-discussion/
745 	105708	/discussions/isaca/view/105708-exam-cisa-topic-1-question-745-discussion/
747 	113344	/discussions/isaca/view/113344-exam-cisa-topic-1-question-747-discussion/
748 	99188	/discussions/isaca/view/99188-exam-cisa-topic-1-question-748-discussion/
749 	81028	/discussions/isaca/view/81028-exam-cisa-topic-1-question-749-discussion/
752 	60950	/discussions/isaca/view/60950-exam-cisa-topic-1-question-752-discussion/
758 	83280	/discussions/isaca/view/83280-exam-cisa-topic-1-question-758-discussion/
764 	81030	/discussions/isaca/view/81030-exam-cisa-topic-1-question-764-discussion/
765 	83327	/discussions/isaca/view/83327-exam-cisa-topic-1-question-765-discussion/
766 	103299	/discussions/isaca/view/103299-exam-cisa-topic-1-question-766-discussion/
770 	81032	/discussions/isaca/view/81032-exam-cisa-topic-1-question-770-discussion/
772 	83328	/discussions/isaca/view/83328-exam-cisa-topic-1-question-772-discussion/
774 	109755	/discussions/isaca/view/109755-exam-cisa-topic-1-question-774-discussion/
775 	81033	/discussions/isaca/view/81033-exam-cisa-topic-1-question-775-discussion/
776 	108127	/discussions/isaca/view/108127-exam-cisa-topic-1-question-776-discussion/
777 	98830	/discussions/isaca/view/98830-exam-cisa-topic-1-question-777-discussion/
782 	98992	/discussions/isaca/view/98992-exam-cisa-topic-1-question-782-discussion/
783 	101306	/discussions/isaca/view/101306-exam-cisa-topic-1-question-783-discussion/
784 	111056	/discussions/isaca/view/111056-exam-cisa-topic-1-question-784-discussion/
785 	102520	/discussions/isaca/view/102520-exam-cisa-topic-1-question-785-discussion/
787 	81036	/discussions/isaca/view/81036-exam-cisa-topic-1-question-787-discussion/
788 	81037	/discussions/isaca/view/81037-exam-cisa-topic-1-question-788-discussion/
789 	81038	/discussions/isaca/view/81038-exam-cisa-topic-1-question-789-discussion/
790 	115814	/discussions/isaca/view/115814-exam-cisa-topic-1-question-790-discussion/
791 	91983	/discussions/isaca/view/91983-exam-cisa-topic-1-question-791-discussion/
792 	83365	/discussions/isaca/view/83365-exam-cisa-topic-1-question-792-discussion/
795 	111058	/discussions/isaca/view/111058-exam-cisa-topic-1-question-795-discussion/
797 	96951	/discussions/isaca/view/96951-exam-cisa-topic-1-question-797-discussion/
798 	81043	/discussions/isaca/view/81043-exam-cisa-topic-1-question-798-discussion/
799 	81045	/discussions/isaca/view/81045-exam-cisa-topic-1-question-799-discussion/
800 	81046	/discussions/isaca/view/81046-exam-cisa-topic-1-question-800-discussion/
801 	100276	/discussions/isaca/view/100276-exam-cisa-topic-1-question-801-discussion/
803 	108136	/discussions/isaca/view/108136-exam-cisa-topic-1-question-803-discussion/
808 	116905	/discussions/isaca/view/116905-exam-cisa-topic-1-question-808-discussion/
810 	102559	/discussions/isaca/view/102559-exam-cisa-topic-1-question-810-discussion/
816 	101096	/discussions/isaca/view/101096-exam-cisa-topic-1-question-816-discussion/
818 	90053	/discussions/isaca/view/90053-exam-cisa-topic-1-question-818-discussion/
821 	90056	/discussions/isaca/view/90056-exam-cisa-topic-1-question-821-discussion/
825 	99322	/discussions/isaca/view/99322-exam-cisa-topic-1-question-825-discussion/
827 	104019	/discussions/isaca/view/104019-exam-cisa-topic-1-question-827-discussion/
832 	108297	/discussions/isaca/view/108297-exam-cisa-topic-1-question-832-discussion/
835 	102575	/discussions/isaca/view/102575-exam-cisa-topic-1-question-835-discussion/
837 	90935	/discussions/isaca/view/90935-exam-cisa-topic-1-question-837-discussion/
841 	108307	/discussions/isaca/view/108307-exam-cisa-topic-1-question-841-discussion/
843 	98877	/discussions/isaca/view/98877-exam-cisa-topic-1-question-843-discussion/
847 	109793	/discussions/isaca/view/109793-exam-cisa-topic-1-question-847-discussion/
849 	89090	/discussions/isaca/view/89090-exam-cisa-topic-1-question-849-discussion/
850 	104023	/discussions/isaca/view/104023-exam-cisa-topic-1-question-850-discussion/
851 	93192	/discussions/isaca/view/93192-exam-cisa-topic-1-question-851-discussion/
858 	98881	/discussions/isaca/view/98881-exam-cisa-topic-1-question-858-discussion/
859 	115784	/discussions/isaca/view/115784-exam-cisa-topic-1-question-859-discussion/
867 	99883	/discussions/isaca/view/99883-exam-cisa-topic-1-question-867-discussion/
869 	93196	/discussions/isaca/view/93196-exam-cisa-topic-1-question-869-discussion/
870 	90998	/discussions/isaca/view/90998-exam-cisa-topic-1-question-870-discussion/
874 	106581	/discussions/isaca/view/106581-exam-cisa-topic-1-question-874-discussion/
880 	92087	/discussions/isaca/view/92087-exam-cisa-topic-1-question-880-discussion/
881 	91967	/discussions/isaca/view/91967-exam-cisa-topic-1-question-881-discussion/
886 	108665	/discussions/isaca/view/108665-exam-cisa-topic-1-question-886-discussion/
887 	91669	/discussions/isaca/view/91669-exam-cisa-topic-1-question-887-discussion/
902 	98886	/discussions/isaca/view/98886-exam-cisa-topic-1-question-902-discussion/
905 	104311	/discussions/isaca/view/104311-exam-cisa-topic-1-question-905-discussion/
909 	91990	/discussions/isaca/view/91990-exam-cisa-topic-1-question-909-discussion/
911 	98889	/discussions/isaca/view/98889-exam-cisa-topic-1-question-911-discussion/
913 	103244	/discussions/isaca/view/103244-exam-cisa-topic-1-question-913-discussion/
916 	108323	/discussions/isaca/view/108323-exam-cisa-topic-1-question-916-discussion/
917 	103386	/discussions/isaca/view/103386-exam-cisa-topic-1-question-917-discussion/
918 	92025	/discussions/isaca/view/92025-exam-cisa-topic-1-question-918-discussion/
919 	103388	/discussions/isaca/view/103388-exam-cisa-topic-1-question-919-discussion/
920 	115575	/discussions/isaca/view/115575-exam-cisa-topic-1-question-920-discussion/
926 	91992	/discussions/isaca/view/91992-exam-cisa-topic-1-question-926-discussion/
927 	92027	/discussions/isaca/view/92027-exam-cisa-topic-1-question-927-discussion/
933 	108668	/discussions/isaca/view/108668-exam-cisa-topic-1-question-933-discussion/
934 	103393	/discussions/isaca/view/103393-exam-cisa-topic-1-question-934-discussion/
937 	113758	/discussions/isaca/view/113758-exam-cisa-topic-1-question-937-discussion/
939 	103396	/discussions/isaca/view/103396-exam-cisa-topic-1-question-939-discussion/
941 	90831	/discussions/isaca/view/90831-exam-cisa-topic-1-question-941-discussion/
943 	97012	/discussions/isaca/view/97012-exam-cisa-topic-1-question-943-discussion/
946 	98172	/discussions/isaca/view/98172-exam-cisa-topic-1-question-946-discussion/
952 	103397	/discussions/isaca/view/103397-exam-cisa-topic-1-question-952-discussion/
958 	99088	/discussions/isaca/view/99088-exam-cisa-topic-1-question-958-discussion/
959 	91797	/discussions/isaca/view/91797-exam-cisa-topic-1-question-959-discussion/
960 	91039	/discussions/isaca/view/91039-exam-cisa-topic-1-question-960-discussion/
961 	116149	/discussions/isaca/view/116149-exam-cisa-topic-1-question-961-discussion/
962 	97014	/discussions/isaca/view/97014-exam-cisa-topic-1-question-962-discussion/
964 	94434	/discussions/isaca/view/94434-exam-cisa-topic-1-question-964-discussion/
965 	116508	/discussions/isaca/view/116508-exam-cisa-topic-1-question-965-discussion/
966 	103440	/discussions/isaca/view/103440-exam-cisa-topic-1-question-966-discussion/
970 	103441	/discussions/isaca/view/103441-exam-cisa-topic-1-question-970-discussion/
978 	93220	/discussions/isaca/view/93220-exam-cisa-topic-1-question-978-discussion/
982 	92308	/discussions/isaca/view/92308-exam-cisa-topic-1-question-982-discussion/
983 	93222	/discussions/isaca/view/93222-exam-cisa-topic-1-question-983-discussion/
984 	93223	/discussions/isaca/view/93223-exam-cisa-topic-1-question-984-discussion/
986 	101156	/discussions/isaca/view/101156-exam-cisa-topic-1-question-986-discussion/
987 	93224	/discussions/isaca/view/93224-exam-cisa-topic-1-question-987-discussion/
988 	116151	/discussions/isaca/view/116151-exam-cisa-topic-1-question-988-discussion/
989 	97736	/discussions/isaca/view/97736-exam-cisa-topic-1-question-989-discussion/
991 	108712	/discussions/isaca/view/108712-exam-cisa-topic-1-question-991-discussion/
993 	91069	/discussions/isaca/view/91069-exam-cisa-topic-1-question-993-discussion/
994 	93225	/discussions/isaca/view/93225-exam-cisa-topic-1-question-994-discussion/
996 	103437	/discussions/isaca/view/103437-exam-cisa-topic-1-question-996-discussion/
997 	93226	/discussions/isaca/view/93226-exam-cisa-topic-1-question-997-discussion/
1000 	93228	/discussions/isaca/view/93228-exam-cisa-topic-1-question-1000-discussion/
1007 	97028	/discussions/isaca/view/97028-exam-cisa-topic-1-question-1007-discussion/
1010 	109852	/discussions/isaca/view/109852-exam-cisa-topic-1-question-1010-discussion/
1016 	97029	/discussions/isaca/view/97029-exam-cisa-topic-1-question-1016-discussion/
1025 	113805	/discussions/isaca/view/113805-exam-cisa-topic-1-question-1025-discussion/
1027 	108731	/discussions/isaca/view/108731-exam-cisa-topic-1-question-1027-discussion/
1033 	108617	/discussions/isaca/view/108617-exam-cisa-topic-1-question-1033-discussion/
1034 	99866	/discussions/isaca/view/99866-exam-cisa-topic-1-question-1034-discussion/
1036 	106529	/discussions/isaca/view/106529-exam-cisa-topic-1-question-1036-discussion/
1040 	103481	/discussions/isaca/view/103481-exam-cisa-topic-1-question-1040-discussion/
1041 	103482	/discussions/isaca/view/103482-exam-cisa-topic-1-question-1041-discussion/
1042 	100984	/discussions/isaca/view/100984-exam-cisa-topic-1-question-1042-discussion/
1044 	107545	/discussions/isaca/view/107545-exam-cisa-topic-1-question-1044-discussion/
1054 	108443	/discussions/isaca/view/108443-exam-cisa-topic-1-question-1054-discussion/
1055 	102548	/discussions/isaca/view/102548-exam-cisa-topic-1-question-1055-discussion/
1058 	103485	/discussions/isaca/view/103485-exam-cisa-topic-1-question-1058-discussion/
1060 	116176	/discussions/isaca/view/116176-exam-cisa-topic-1-question-1060-discussion/
1063 	103490	/discussions/isaca/view/103490-exam-cisa-topic-1-question-1063-discussion/
1071 	102305	/discussions/isaca/view/102305-exam-cisa-topic-1-question-1071-discussion/
1073 	108639	/discussions/isaca/view/108639-exam-cisa-topic-1-question-1073-discussion/
1074 	115654	/discussions/isaca/view/115654-exam-cisa-topic-1-question-1074-discussion/
1078 	108830	/discussions/isaca/view/108830-exam-cisa-topic-1-question-1078-discussion/
1081 	106450	/discussions/isaca/view/106450-exam-cisa-topic-1-question-1081-discussion/
1083 	102704	/discussions/isaca/view/102704-exam-cisa-topic-1-question-1083-discussion/
1084 	102768	/discussions/isaca/view/102768-exam-cisa-topic-1-question-1084-discussion/
1087 	108640	/discussions/isaca/view/108640-exam-cisa-topic-1-question-1087-discussion/
1088 	108641	/discussions/isaca/view/108641-exam-cisa-topic-1-question-1088-discussion/
1090 	108642	/discussions/isaca/view/108642-exam-cisa-topic-1-question-1090-discussion/
1091 	103496	/discussions/isaca/view/103496-exam-cisa-topic-1-question-1091-discussion/
1095 	108644	/discussions/isaca/view/108644-exam-cisa-topic-1-question-1095-discussion/
1096 	103497	/discussions/isaca/view/103497-exam-cisa-topic-1-question-1096-discussion/
1098 	103294	/discussions/isaca/view/103294-exam-cisa-topic-1-question-1098-discussion/
1104 	116989	/discussions/isaca/view/116989-exam-cisa-topic-1-question-1104-discussion/
1107 	103946	/discussions/isaca/view/103946-exam-cisa-topic-1-question-1107-discussion/
1108 	110591	/discussions/isaca/view/110591-exam-cisa-topic-1-question-1108-discussion/
1109 	104192	/discussions/isaca/view/104192-exam-cisa-topic-1-question-1109-discussion/
1110 	108832	/discussions/isaca/view/108832-exam-cisa-topic-1-question-1110-discussion/
1119 	104195	/discussions/isaca/view/104195-exam-cisa-topic-1-question-1119-discussion/
1120 	102473	/discussions/isaca/view/102473-exam-cisa-topic-1-question-1120-discussion/
1121 	102474	/discussions/isaca/view/102474-exam-cisa-topic-1-question-1121-discussion/
1123 	103731	/discussions/isaca/view/103731-exam-cisa-topic-1-question-1123-discussion/
1124 	102454	/discussions/isaca/view/102454-exam-cisa-topic-1-question-1124-discussion/
1126 	102471	/discussions/isaca/view/102471-exam-cisa-topic-1-question-1126-discussion/
1132 	102469	/discussions/isaca/view/102469-exam-cisa-topic-1-question-1132-discussion/
1135 	104021	/discussions/isaca/view/104021-exam-cisa-topic-1-question-1135-discussion/
1137 	104201	/discussions/isaca/view/104201-exam-cisa-topic-1-question-1137-discussion/
1145 	108671	/discussions/isaca/view/108671-exam-cisa-topic-1-question-1145-discussion/
1146 	116255	/discussions/isaca/view/116255-exam-cisa-topic-1-question-1146-discussion/
1151 	104316	/discussions/isaca/view/104316-exam-cisa-topic-1-question-1151-discussion/
1153 	104318	/discussions/isaca/view/104318-exam-cisa-topic-1-question-1153-discussion/
1154 	104320	/discussions/isaca/view/104320-exam-cisa-topic-1-question-1154-discussion/
1155 	104321	/discussions/isaca/view/104321-exam-cisa-topic-1-question-1155-discussion/
1156 	112697	/discussions/isaca/view/112697-exam-cisa-topic-1-question-1156-discussion/
1163 	108524	/discussions/isaca/view/108524-exam-cisa-topic-1-question-1163-discussion/
1166 	108571	/discussions/isaca/view/108571-exam-cisa-topic-1-question-1166-discussion/
1170 	108673	/discussions/isaca/view/108673-exam-cisa-topic-1-question-1170-discussion/
1171 	108674	/discussions/isaca/view/108674-exam-cisa-topic-1-question-1171-discussion/
1173 	108574	/discussions/isaca/view/108574-exam-cisa-topic-1-question-1173-discussion/
1176 	107698	/discussions/isaca/view/107698-exam-cisa-topic-1-question-1176-discussion/
1182 	107696	/discussions/isaca/view/107696-exam-cisa-topic-1-question-1182-discussion/
1184 	108575	/discussions/isaca/view/108575-exam-cisa-topic-1-question-1184-discussion/
1185 	107564	/discussions/isaca/view/107564-exam-cisa-topic-1-question-1185-discussion/
1186 	108746	/discussions/isaca/view/108746-exam-cisa-topic-1-question-1186-discussion/
1187 	108576	/discussions/isaca/view/108576-exam-cisa-topic-1-question-1187-discussion/
1188 	108748	/discussions/isaca/view/108748-exam-cisa-topic-1-question-1188-discussion/
