4 	89341	/discussions/isaca/view/89341-exam-cism-topic-1-question-4-discussion/
5 	86899	/discussions/isaca/view/86899-exam-cism-topic-1-question-5-discussion/
7 	95286	/discussions/isaca/view/95286-exam-cism-topic-1-question-7-discussion/
8 	89344	/discussions/isaca/view/89344-exam-cism-topic-1-question-8-discussion/
9 	89345	/discussions/isaca/view/89345-exam-cism-topic-1-question-9-discussion/
10 	86049	/discussions/isaca/view/86049-exam-cism-topic-1-question-10-discussion/
11 	109193	/discussions/isaca/view/109193-exam-cism-topic-1-question-11-discussion/
12 	90904	/discussions/isaca/view/90904-exam-cism-topic-1-question-12-discussion/
16 	108725	/discussions/isaca/view/108725-exam-cism-topic-1-question-16-discussion/
17 	99546	/discussions/isaca/view/99546-exam-cism-topic-1-question-17-discussion/
18 	38094	/discussions/isaca/view/38094-exam-cism-topic-1-question-18-discussion/
19 	84619	/discussions/isaca/view/84619-exam-cism-topic-1-question-19-discussion/
20 	94886	/discussions/isaca/view/94886-exam-cism-topic-1-question-20-discussion/
21 	94889	/discussions/isaca/view/94889-exam-cism-topic-1-question-21-discussion/
22 	91747	/discussions/isaca/view/91747-exam-cism-topic-1-question-22-discussion/
23 	94891	/discussions/isaca/view/94891-exam-cism-topic-1-question-23-discussion/
24 	93793	/discussions/isaca/view/93793-exam-cism-topic-1-question-24-discussion/
25 	94893	/discussions/isaca/view/94893-exam-cism-topic-1-question-25-discussion/
26 	95313	/discussions/isaca/view/95313-exam-cism-topic-1-question-26-discussion/
27 	92361	/discussions/isaca/view/92361-exam-cism-topic-1-question-27-discussion/
28 	95316	/discussions/isaca/view/95316-exam-cism-topic-1-question-28-discussion/
29 	92364	/discussions/isaca/view/92364-exam-cism-topic-1-question-29-discussion/
30 	85506	/discussions/isaca/view/85506-exam-cism-topic-1-question-30-discussion/
31 	96039	/discussions/isaca/view/96039-exam-cism-topic-1-question-31-discussion/
32 	83633	/discussions/isaca/view/83633-exam-cism-topic-1-question-32-discussion/
33 	98597	/discussions/isaca/view/98597-exam-cism-topic-1-question-33-discussion/
34 	98598	/discussions/isaca/view/98598-exam-cism-topic-1-question-34-discussion/
35 	87265	/discussions/isaca/view/87265-exam-cism-topic-1-question-35-discussion/
36 	98599	/discussions/isaca/view/98599-exam-cism-topic-1-question-36-discussion/
37 	109196	/discussions/isaca/view/109196-exam-cism-topic-1-question-37-discussion/
38 	89236	/discussions/isaca/view/89236-exam-cism-topic-1-question-38-discussion/
39 	95860	/discussions/isaca/view/95860-exam-cism-topic-1-question-39-discussion/
40 	91538	/discussions/isaca/view/91538-exam-cism-topic-1-question-40-discussion/
41 	92827	/discussions/isaca/view/92827-exam-cism-topic-1-question-41-discussion/
42 	96582	/discussions/isaca/view/96582-exam-cism-topic-1-question-42-discussion/
43 	98755	/discussions/isaca/view/98755-exam-cism-topic-1-question-43-discussion/
44 	68569	/discussions/isaca/view/68569-exam-cism-topic-1-question-44-discussion/
45 	91752	/discussions/isaca/view/91752-exam-cism-topic-1-question-45-discussion/
46 	95411	/discussions/isaca/view/95411-exam-cism-topic-1-question-46-discussion/
47 	90120	/discussions/isaca/view/90120-exam-cism-topic-1-question-47-discussion/
48 	86770	/discussions/isaca/view/86770-exam-cism-topic-1-question-48-discussion/
49 	96583	/discussions/isaca/view/96583-exam-cism-topic-1-question-49-discussion/
50 	93328	/discussions/isaca/view/93328-exam-cism-topic-1-question-50-discussion/
51 	98757	/discussions/isaca/view/98757-exam-cism-topic-1-question-51-discussion/
52 	96584	/discussions/isaca/view/96584-exam-cism-topic-1-question-52-discussion/
53 	89270	/discussions/isaca/view/89270-exam-cism-topic-1-question-53-discussion/
54 	98758	/discussions/isaca/view/98758-exam-cism-topic-1-question-54-discussion/
55 	90122	/discussions/isaca/view/90122-exam-cism-topic-1-question-55-discussion/
56 	89272	/discussions/isaca/view/89272-exam-cism-topic-1-question-56-discussion/
57 	108783	/discussions/isaca/view/108783-exam-cism-topic-1-question-57-discussion/
58 	108785	/discussions/isaca/view/108785-exam-cism-topic-1-question-58-discussion/
59 	109596	/discussions/isaca/view/109596-exam-cism-topic-1-question-59-discussion/
60 	95477	/discussions/isaca/view/95477-exam-cism-topic-1-question-60-discussion/
61 	108787	/discussions/isaca/view/108787-exam-cism-topic-1-question-61-discussion/
63 	109598	/discussions/isaca/view/109598-exam-cism-topic-1-question-63-discussion/
64 	95420	/discussions/isaca/view/95420-exam-cism-topic-1-question-64-discussion/
65 	88591	/discussions/isaca/view/88591-exam-cism-topic-1-question-65-discussion/
66 	86806	/discussions/isaca/view/86806-exam-cism-topic-1-question-66-discussion/
67 	95423	/discussions/isaca/view/95423-exam-cism-topic-1-question-67-discussion/
68 	95424	/discussions/isaca/view/95424-exam-cism-topic-1-question-68-discussion/
69 	83637	/discussions/isaca/view/83637-exam-cism-topic-1-question-69-discussion/
70 	92847	/discussions/isaca/view/92847-exam-cism-topic-1-question-70-discussion/
71 	84366	/discussions/isaca/view/84366-exam-cism-topic-1-question-71-discussion/
72 	84368	/discussions/isaca/view/84368-exam-cism-topic-1-question-72-discussion/
73 	109599	/discussions/isaca/view/109599-exam-cism-topic-1-question-73-discussion/
75 	109600	/discussions/isaca/view/109600-exam-cism-topic-1-question-75-discussion/
76 	89328	/discussions/isaca/view/89328-exam-cism-topic-1-question-76-discussion/
77 	109603	/discussions/isaca/view/109603-exam-cism-topic-1-question-77-discussion/
78 	109604	/discussions/isaca/view/109604-exam-cism-topic-1-question-78-discussion/
79 	85810	/discussions/isaca/view/85810-exam-cism-topic-1-question-79-discussion/
80 	85049	/discussions/isaca/view/85049-exam-cism-topic-1-question-80-discussion/
81 	96750	/discussions/isaca/view/96750-exam-cism-topic-1-question-81-discussion/
82 	109606	/discussions/isaca/view/109606-exam-cism-topic-1-question-82-discussion/
83 	109607	/discussions/isaca/view/109607-exam-cism-topic-1-question-83-discussion/
85 	86569	/discussions/isaca/view/86569-exam-cism-topic-1-question-85-discussion/
86 	82346	/discussions/isaca/view/82346-exam-cism-topic-1-question-86-discussion/
87 	85187	/discussions/isaca/view/85187-exam-cism-topic-1-question-87-discussion/
88 	85411	/discussions/isaca/view/85411-exam-cism-topic-1-question-88-discussion/
89 	87426	/discussions/isaca/view/87426-exam-cism-topic-1-question-89-discussion/
90 	85494	/discussions/isaca/view/85494-exam-cism-topic-1-question-90-discussion/
91 	85819	/discussions/isaca/view/85819-exam-cism-topic-1-question-91-discussion/
92 	85834	/discussions/isaca/view/85834-exam-cism-topic-1-question-92-discussion/
93 	85924	/discussions/isaca/view/85924-exam-cism-topic-1-question-93-discussion/
94 	85927	/discussions/isaca/view/85927-exam-cism-topic-1-question-94-discussion/
95 	86064	/discussions/isaca/view/86064-exam-cism-topic-1-question-95-discussion/
96 	86066	/discussions/isaca/view/86066-exam-cism-topic-1-question-96-discussion/
97 	101995	/discussions/isaca/view/101995-exam-cism-topic-1-question-97-discussion/
98 	89569	/discussions/isaca/view/89569-exam-cism-topic-1-question-98-discussion/
99 	83576	/discussions/isaca/view/83576-exam-cism-topic-1-question-99-discussion/
100 	87353	/discussions/isaca/view/87353-exam-cism-topic-1-question-100-discussion/
101 	87366	/discussions/isaca/view/87366-exam-cism-topic-1-question-101-discussion/
102 	85191	/discussions/isaca/view/85191-exam-cism-topic-1-question-102-discussion/
103 	86695	/discussions/isaca/view/86695-exam-cism-topic-1-question-103-discussion/
104 	87472	/discussions/isaca/view/87472-exam-cism-topic-1-question-104-discussion/
105 	87473	/discussions/isaca/view/87473-exam-cism-topic-1-question-105-discussion/
106 	87450	/discussions/isaca/view/87450-exam-cism-topic-1-question-106-discussion/
107 	88261	/discussions/isaca/view/88261-exam-cism-topic-1-question-107-discussion/
108 	96964	/discussions/isaca/view/96964-exam-cism-topic-1-question-108-discussion/
109 	98895	/discussions/isaca/view/98895-exam-cism-topic-1-question-109-discussion/
110 	105640	/discussions/isaca/view/105640-exam-cism-topic-1-question-110-discussion/
111 	92873	/discussions/isaca/view/92873-exam-cism-topic-1-question-111-discussion/
112 	110198	/discussions/isaca/view/110198-exam-cism-topic-1-question-112-discussion/
113 	108808	/discussions/isaca/view/108808-exam-cism-topic-1-question-113-discussion/
114 	97704	/discussions/isaca/view/97704-exam-cism-topic-1-question-114-discussion/
115 	97640	/discussions/isaca/view/97640-exam-cism-topic-1-question-115-discussion/
116 	93483	/discussions/isaca/view/93483-exam-cism-topic-1-question-116-discussion/
117 	110199	/discussions/isaca/view/110199-exam-cism-topic-1-question-117-discussion/
118 	93484	/discussions/isaca/view/93484-exam-cism-topic-1-question-118-discussion/
119 	110200	/discussions/isaca/view/110200-exam-cism-topic-1-question-119-discussion/
120 	110201	/discussions/isaca/view/110201-exam-cism-topic-1-question-120-discussion/
121 	95624	/discussions/isaca/view/95624-exam-cism-topic-1-question-121-discussion/
122 	95489	/discussions/isaca/view/95489-exam-cism-topic-1-question-122-discussion/
123 	95627	/discussions/isaca/view/95627-exam-cism-topic-1-question-123-discussion/
124 	107828	/discussions/isaca/view/107828-exam-cism-topic-1-question-124-discussion/
125 	95490	/discussions/isaca/view/95490-exam-cism-topic-1-question-125-discussion/
126 	110202	/discussions/isaca/view/110202-exam-cism-topic-1-question-126-discussion/
127 	88541	/discussions/isaca/view/88541-exam-cism-topic-1-question-127-discussion/
128 	105862	/discussions/isaca/view/105862-exam-cism-topic-1-question-128-discussion/
129 	85523	/discussions/isaca/view/85523-exam-cism-topic-1-question-129-discussion/
130 	95491	/discussions/isaca/view/95491-exam-cism-topic-1-question-130-discussion/
131 	85536	/discussions/isaca/view/85536-exam-cism-topic-1-question-131-discussion/
132 	93546	/discussions/isaca/view/93546-exam-cism-topic-1-question-132-discussion/
133 	103237	/discussions/isaca/view/103237-exam-cism-topic-1-question-133-discussion/
134 	89355	/discussions/isaca/view/89355-exam-cism-topic-1-question-134-discussion/
135 	110596	/discussions/isaca/view/110596-exam-cism-topic-1-question-135-discussion/
136 	110597	/discussions/isaca/view/110597-exam-cism-topic-1-question-136-discussion/
137 	87713	/discussions/isaca/view/87713-exam-cism-topic-1-question-137-discussion/
138 	110598	/discussions/isaca/view/110598-exam-cism-topic-1-question-138-discussion/
139 	110599	/discussions/isaca/view/110599-exam-cism-topic-1-question-139-discussion/
140 	92877	/discussions/isaca/view/92877-exam-cism-topic-1-question-140-discussion/
141 	109767	/discussions/isaca/view/109767-exam-cism-topic-1-question-141-discussion/
142 	110609	/discussions/isaca/view/110609-exam-cism-topic-1-question-142-discussion/
143 	89367	/discussions/isaca/view/89367-exam-cism-topic-1-question-143-discussion/
144 	110610	/discussions/isaca/view/110610-exam-cism-topic-1-question-144-discussion/
145 	95493	/discussions/isaca/view/95493-exam-cism-topic-1-question-145-discussion/
146 	89866	/discussions/isaca/view/89866-exam-cism-topic-1-question-146-discussion/
147 	89867	/discussions/isaca/view/89867-exam-cism-topic-1-question-147-discussion/
148 	84639	/discussions/isaca/view/84639-exam-cism-topic-1-question-148-discussion/
149 	93655	/discussions/isaca/view/93655-exam-cism-topic-1-question-149-discussion/
150 	95695	/discussions/isaca/view/95695-exam-cism-topic-1-question-150-discussion/
151 	110616	/discussions/isaca/view/110616-exam-cism-topic-1-question-151-discussion/
152 	89751	/discussions/isaca/view/89751-exam-cism-topic-1-question-152-discussion/
153 	98933	/discussions/isaca/view/98933-exam-cism-topic-1-question-153-discussion/
154 	99775	/discussions/isaca/view/99775-exam-cism-topic-1-question-154-discussion/
155 	93658	/discussions/isaca/view/93658-exam-cism-topic-1-question-155-discussion/
156 	104309	/discussions/isaca/view/104309-exam-cism-topic-1-question-156-discussion/
157 	110618	/discussions/isaca/view/110618-exam-cism-topic-1-question-157-discussion/
158 	92880	/discussions/isaca/view/92880-exam-cism-topic-1-question-158-discussion/
159 	84643	/discussions/isaca/view/84643-exam-cism-topic-1-question-159-discussion/
160 	109658	/discussions/isaca/view/109658-exam-cism-topic-1-question-160-discussion/
161 	88344	/discussions/isaca/view/88344-exam-cism-topic-1-question-161-discussion/
162 	110620	/discussions/isaca/view/110620-exam-cism-topic-1-question-162-discussion/
163 	95698	/discussions/isaca/view/95698-exam-cism-topic-1-question-163-discussion/
164 	95760	/discussions/isaca/view/95760-exam-cism-topic-1-question-164-discussion/
165 	110621	/discussions/isaca/view/110621-exam-cism-topic-1-question-165-discussion/
166 	110622	/discussions/isaca/view/110622-exam-cism-topic-1-question-166-discussion/
167 	90398	/discussions/isaca/view/90398-exam-cism-topic-1-question-167-discussion/
168 	92881	/discussions/isaca/view/92881-exam-cism-topic-1-question-168-discussion/
169 	84646	/discussions/isaca/view/84646-exam-cism-topic-1-question-169-discussion/
170 	110837	/discussions/isaca/view/110837-exam-cism-topic-1-question-170-discussion/
171 	105687	/discussions/isaca/view/105687-exam-cism-topic-1-question-171-discussion/
172 	110838	/discussions/isaca/view/110838-exam-cism-topic-1-question-172-discussion/
173 	102521	/discussions/isaca/view/102521-exam-cism-topic-1-question-173-discussion/
174 	90399	/discussions/isaca/view/90399-exam-cism-topic-1-question-174-discussion/
175 	110839	/discussions/isaca/view/110839-exam-cism-topic-1-question-175-discussion/
176 	110840	/discussions/isaca/view/110840-exam-cism-topic-1-question-176-discussion/
177 	103676	/discussions/isaca/view/103676-exam-cism-topic-1-question-177-discussion/
178 	95701	/discussions/isaca/view/95701-exam-cism-topic-1-question-178-discussion/
179 	110841	/discussions/isaca/view/110841-exam-cism-topic-1-question-179-discussion/
180 	110842	/discussions/isaca/view/110842-exam-cism-topic-1-question-180-discussion/
181 	88347	/discussions/isaca/view/88347-exam-cism-topic-1-question-181-discussion/
182 	110843	/discussions/isaca/view/110843-exam-cism-topic-1-question-182-discussion/
183 	90407	/discussions/isaca/view/90407-exam-cism-topic-1-question-183-discussion/
184 	110844	/discussions/isaca/view/110844-exam-cism-topic-1-question-184-discussion/
185 	90409	/discussions/isaca/view/90409-exam-cism-topic-1-question-185-discussion/
186 	90410	/discussions/isaca/view/90410-exam-cism-topic-1-question-186-discussion/
187 	90411	/discussions/isaca/view/90411-exam-cism-topic-1-question-187-discussion/
188 	90026	/discussions/isaca/view/90026-exam-cism-topic-1-question-188-discussion/
189 	95705	/discussions/isaca/view/95705-exam-cism-topic-1-question-189-discussion/
190 	90028	/discussions/isaca/view/90028-exam-cism-topic-1-question-190-discussion/
191 	108881	/discussions/isaca/view/108881-exam-cism-topic-1-question-191-discussion/
192 	110845	/discussions/isaca/view/110845-exam-cism-topic-1-question-192-discussion/
193 	110846	/discussions/isaca/view/110846-exam-cism-topic-1-question-193-discussion/
194 	96278	/discussions/isaca/view/96278-exam-cism-topic-1-question-194-discussion/
195 	89946	/discussions/isaca/view/89946-exam-cism-topic-1-question-195-discussion/
196 	82954	/discussions/isaca/view/82954-exam-cism-topic-1-question-196-discussion/
197 	110848	/discussions/isaca/view/110848-exam-cism-topic-1-question-197-discussion/
198 	98688	/discussions/isaca/view/98688-exam-cism-topic-1-question-198-discussion/
199 	103678	/discussions/isaca/view/103678-exam-cism-topic-1-question-199-discussion/
200 	110849	/discussions/isaca/view/110849-exam-cism-topic-1-question-200-discussion/
201 	110850	/discussions/isaca/view/110850-exam-cism-topic-1-question-201-discussion/
202 	87737	/discussions/isaca/view/87737-exam-cism-topic-1-question-202-discussion/
203 	98947	/discussions/isaca/view/98947-exam-cism-topic-1-question-203-discussion/
204 	85600	/discussions/isaca/view/85600-exam-cism-topic-1-question-204-discussion/
205 	110929	/discussions/isaca/view/110929-exam-cism-topic-1-question-205-discussion/
206 	90646	/discussions/isaca/view/90646-exam-cism-topic-1-question-206-discussion/
207 	96290	/discussions/isaca/view/96290-exam-cism-topic-1-question-207-discussion/
208 	90648	/discussions/isaca/view/90648-exam-cism-topic-1-question-208-discussion/
209 	90649	/discussions/isaca/view/90649-exam-cism-topic-1-question-209-discussion/
210 	110932	/discussions/isaca/view/110932-exam-cism-topic-1-question-210-discussion/
211 	91040	/discussions/isaca/view/91040-exam-cism-topic-1-question-211-discussion/
212 	85601	/discussions/isaca/view/85601-exam-cism-topic-1-question-212-discussion/
213 	96295	/discussions/isaca/view/96295-exam-cism-topic-1-question-213-discussion/
214 	90653	/discussions/isaca/view/90653-exam-cism-topic-1-question-214-discussion/
215 	90654	/discussions/isaca/view/90654-exam-cism-topic-1-question-215-discussion/
216 	108923	/discussions/isaca/view/108923-exam-cism-topic-1-question-216-discussion/
217 	88455	/discussions/isaca/view/88455-exam-cism-topic-1-question-217-discussion/
218 	96298	/discussions/isaca/view/96298-exam-cism-topic-1-question-218-discussion/
219 	96299	/discussions/isaca/view/96299-exam-cism-topic-1-question-219-discussion/
220 	98951	/discussions/isaca/view/98951-exam-cism-topic-1-question-220-discussion/
221 	96301	/discussions/isaca/view/96301-exam-cism-topic-1-question-221-discussion/
222 	90661	/discussions/isaca/view/90661-exam-cism-topic-1-question-222-discussion/
223 	110933	/discussions/isaca/view/110933-exam-cism-topic-1-question-223-discussion/
224 	91869	/discussions/isaca/view/91869-exam-cism-topic-1-question-224-discussion/
225 	96302	/discussions/isaca/view/96302-exam-cism-topic-1-question-225-discussion/
226 	110934	/discussions/isaca/view/110934-exam-cism-topic-1-question-226-discussion/
227 	104926	/discussions/isaca/view/104926-exam-cism-topic-1-question-227-discussion/
228 	96303	/discussions/isaca/view/96303-exam-cism-topic-1-question-228-discussion/
229 	110935	/discussions/isaca/view/110935-exam-cism-topic-1-question-229-discussion/
230 	110936	/discussions/isaca/view/110936-exam-cism-topic-1-question-230-discussion/
231 	91860	/discussions/isaca/view/91860-exam-cism-topic-1-question-231-discussion/
232 	110937	/discussions/isaca/view/110937-exam-cism-topic-1-question-232-discussion/
233 	110938	/discussions/isaca/view/110938-exam-cism-topic-1-question-233-discussion/
234 	94378	/discussions/isaca/view/94378-exam-cism-topic-1-question-234-discussion/
235 	110939	/discussions/isaca/view/110939-exam-cism-topic-1-question-235-discussion/
236 	91010	/discussions/isaca/view/91010-exam-cism-topic-1-question-236-discussion/
237 	96306	/discussions/isaca/view/96306-exam-cism-topic-1-question-237-discussion/
238 	110940	/discussions/isaca/view/110940-exam-cism-topic-1-question-238-discussion/
239 	96309	/discussions/isaca/view/96309-exam-cism-topic-1-question-239-discussion/
240 	91011	/discussions/isaca/view/91011-exam-cism-topic-1-question-240-discussion/
241 	88305	/discussions/isaca/view/88305-exam-cism-topic-1-question-241-discussion/
242 	91012	/discussions/isaca/view/91012-exam-cism-topic-1-question-242-discussion/
243 	91013	/discussions/isaca/view/91013-exam-cism-topic-1-question-243-discussion/
244 	96317	/discussions/isaca/view/96317-exam-cism-topic-1-question-244-discussion/
245 	108906	/discussions/isaca/view/108906-exam-cism-topic-1-question-245-discussion/
246 	110941	/discussions/isaca/view/110941-exam-cism-topic-1-question-246-discussion/
247 	87852	/discussions/isaca/view/87852-exam-cism-topic-1-question-247-discussion/
248 	94406	/discussions/isaca/view/94406-exam-cism-topic-1-question-248-discussion/
249 	110942	/discussions/isaca/view/110942-exam-cism-topic-1-question-249-discussion/
250 	11001	/discussions/isaca/view/11001-exam-cism-topic-1-question-250-discussion/
251 	110943	/discussions/isaca/view/110943-exam-cism-topic-1-question-251-discussion/
252 	102696	/discussions/isaca/view/102696-exam-cism-topic-1-question-252-discussion/
253 	110944	/discussions/isaca/view/110944-exam-cism-topic-1-question-253-discussion/
254 	110945	/discussions/isaca/view/110945-exam-cism-topic-1-question-254-discussion/
255 	108907	/discussions/isaca/view/108907-exam-cism-topic-1-question-255-discussion/
256 	84794	/discussions/isaca/view/84794-exam-cism-topic-1-question-256-discussion/
257 	85595	/discussions/isaca/view/85595-exam-cism-topic-1-question-257-discussion/
258 	87058	/discussions/isaca/view/87058-exam-cism-topic-1-question-258-discussion/
259 	91016	/discussions/isaca/view/91016-exam-cism-topic-1-question-259-discussion/
260 	110946	/discussions/isaca/view/110946-exam-cism-topic-1-question-260-discussion/
261 	110947	/discussions/isaca/view/110947-exam-cism-topic-1-question-261-discussion/
262 	94411	/discussions/isaca/view/94411-exam-cism-topic-1-question-262-discussion/
263 	103982	/discussions/isaca/view/103982-exam-cism-topic-1-question-263-discussion/
264 	111153	/discussions/isaca/view/111153-exam-cism-topic-1-question-264-discussion/
265 	111154	/discussions/isaca/view/111154-exam-cism-topic-1-question-265-discussion/
266 	109049	/discussions/isaca/view/109049-exam-cism-topic-1-question-266-discussion/
267 	88580	/discussions/isaca/view/88580-exam-cism-topic-1-question-267-discussion/
268 	107061	/discussions/isaca/view/107061-exam-cism-topic-1-question-268-discussion/
269 	95935	/discussions/isaca/view/95935-exam-cism-topic-1-question-269-discussion/
270 	96445	/discussions/isaca/view/96445-exam-cism-topic-1-question-270-discussion/
271 	87075	/discussions/isaca/view/87075-exam-cism-topic-1-question-271-discussion/
272 	94415	/discussions/isaca/view/94415-exam-cism-topic-1-question-272-discussion/
273 	111157	/discussions/isaca/view/111157-exam-cism-topic-1-question-273-discussion/
274 	96450	/discussions/isaca/view/96450-exam-cism-topic-1-question-274-discussion/
275 	91019	/discussions/isaca/view/91019-exam-cism-topic-1-question-275-discussion/
276 	111158	/discussions/isaca/view/111158-exam-cism-topic-1-question-276-discussion/
277 	96451	/discussions/isaca/view/96451-exam-cism-topic-1-question-277-discussion/
278 	107186	/discussions/isaca/view/107186-exam-cism-topic-1-question-278-discussion/
279 	111159	/discussions/isaca/view/111159-exam-cism-topic-1-question-279-discussion/
280 	96452	/discussions/isaca/view/96452-exam-cism-topic-1-question-280-discussion/
281 	99923	/discussions/isaca/view/99923-exam-cism-topic-1-question-281-discussion/
282 	91020	/discussions/isaca/view/91020-exam-cism-topic-1-question-282-discussion/
283 	91021	/discussions/isaca/view/91021-exam-cism-topic-1-question-283-discussion/
284 	106120	/discussions/isaca/view/106120-exam-cism-topic-1-question-284-discussion/
285 	101656	/discussions/isaca/view/101656-exam-cism-topic-1-question-285-discussion/
286 	96454	/discussions/isaca/view/96454-exam-cism-topic-1-question-286-discussion/
287 	91022	/discussions/isaca/view/91022-exam-cism-topic-1-question-287-discussion/
288 	111160	/discussions/isaca/view/111160-exam-cism-topic-1-question-288-discussion/
289 	111162	/discussions/isaca/view/111162-exam-cism-topic-1-question-289-discussion/
290 	111163	/discussions/isaca/view/111163-exam-cism-topic-1-question-290-discussion/
291 	90243	/discussions/isaca/view/90243-exam-cism-topic-1-question-291-discussion/
292 	91023	/discussions/isaca/view/91023-exam-cism-topic-1-question-292-discussion/
293 	111217	/discussions/isaca/view/111217-exam-cism-topic-1-question-293-discussion/
294 	111219	/discussions/isaca/view/111219-exam-cism-topic-1-question-294-discussion/
295 	91024	/discussions/isaca/view/91024-exam-cism-topic-1-question-295-discussion/
296 	111221	/discussions/isaca/view/111221-exam-cism-topic-1-question-296-discussion/
297 	96457	/discussions/isaca/view/96457-exam-cism-topic-1-question-297-discussion/
298 	111222	/discussions/isaca/view/111222-exam-cism-topic-1-question-298-discussion/
299 	91025	/discussions/isaca/view/91025-exam-cism-topic-1-question-299-discussion/
300 	99927	/discussions/isaca/view/99927-exam-cism-topic-1-question-300-discussion/
302 	111225	/discussions/isaca/view/111225-exam-cism-topic-1-question-302-discussion/
305 	111227	/discussions/isaca/view/111227-exam-cism-topic-1-question-305-discussion/
306 	90787	/discussions/isaca/view/90787-exam-cism-topic-1-question-306-discussion/
307 	90497	/discussions/isaca/view/90497-exam-cism-topic-1-question-307-discussion/
308 	111228	/discussions/isaca/view/111228-exam-cism-topic-1-question-308-discussion/
309 	111229	/discussions/isaca/view/111229-exam-cism-topic-1-question-309-discussion/
310 	111230	/discussions/isaca/view/111230-exam-cism-topic-1-question-310-discussion/
311 	111232	/discussions/isaca/view/111232-exam-cism-topic-1-question-311-discussion/
313 	94532	/discussions/isaca/view/94532-exam-cism-topic-1-question-313-discussion/
314 	111236	/discussions/isaca/view/111236-exam-cism-topic-1-question-314-discussion/
315 	91224	/discussions/isaca/view/91224-exam-cism-topic-1-question-315-discussion/
316 	109132	/discussions/isaca/view/109132-exam-cism-topic-1-question-316-discussion/
317 	94533	/discussions/isaca/view/94533-exam-cism-topic-1-question-317-discussion/
319 	111238	/discussions/isaca/view/111238-exam-cism-topic-1-question-319-discussion/
320 	111239	/discussions/isaca/view/111239-exam-cism-topic-1-question-320-discussion/
321 	91229	/discussions/isaca/view/91229-exam-cism-topic-1-question-321-discussion/
322 	98827	/discussions/isaca/view/98827-exam-cism-topic-1-question-322-discussion/
323 	99959	/discussions/isaca/view/99959-exam-cism-topic-1-question-323-discussion/
324 	111242	/discussions/isaca/view/111242-exam-cism-topic-1-question-324-discussion/
325 	87217	/discussions/isaca/view/87217-exam-cism-topic-1-question-325-discussion/
326 	111243	/discussions/isaca/view/111243-exam-cism-topic-1-question-326-discussion/
327 	101905	/discussions/isaca/view/101905-exam-cism-topic-1-question-327-discussion/
328 	96599	/discussions/isaca/view/96599-exam-cism-topic-1-question-328-discussion/
329 	111244	/discussions/isaca/view/111244-exam-cism-topic-1-question-329-discussion/
330 	111353	/discussions/isaca/view/111353-exam-cism-topic-1-question-330-discussion/
331 	111354	/discussions/isaca/view/111354-exam-cism-topic-1-question-331-discussion/
332 	96601	/discussions/isaca/view/96601-exam-cism-topic-1-question-332-discussion/
333 	111368	/discussions/isaca/view/111368-exam-cism-topic-1-question-333-discussion/
334 	91232	/discussions/isaca/view/91232-exam-cism-topic-1-question-334-discussion/
335 	106196	/discussions/isaca/view/106196-exam-cism-topic-1-question-335-discussion/
336 	111372	/discussions/isaca/view/111372-exam-cism-topic-1-question-336-discussion/
337 	94539	/discussions/isaca/view/94539-exam-cism-topic-1-question-337-discussion/
338 	103432	/discussions/isaca/view/103432-exam-cism-topic-1-question-338-discussion/
339 	96610	/discussions/isaca/view/96610-exam-cism-topic-1-question-339-discussion/
340 	91607	/discussions/isaca/view/91607-exam-cism-topic-1-question-340-discussion/
341 	94543	/discussions/isaca/view/94543-exam-cism-topic-1-question-341-discussion/
342 	96611	/discussions/isaca/view/96611-exam-cism-topic-1-question-342-discussion/
343 	112536	/discussions/isaca/view/112536-exam-cism-topic-1-question-343-discussion/
344 	91608	/discussions/isaca/view/91608-exam-cism-topic-1-question-344-discussion/
345 	111302	/discussions/isaca/view/111302-exam-cism-topic-1-question-345-discussion/
346 	103433	/discussions/isaca/view/103433-exam-cism-topic-1-question-346-discussion/
347 	112537	/discussions/isaca/view/112537-exam-cism-topic-1-question-347-discussion/
348 	112506	/discussions/isaca/view/112506-exam-cism-topic-1-question-348-discussion/
349 	103434	/discussions/isaca/view/103434-exam-cism-topic-1-question-349-discussion/
350 	112538	/discussions/isaca/view/112538-exam-cism-topic-1-question-350-discussion/
351 	112539	/discussions/isaca/view/112539-exam-cism-topic-1-question-351-discussion/
352 	87121	/discussions/isaca/view/87121-exam-cism-topic-1-question-352-discussion/
353 	87239	/discussions/isaca/view/87239-exam-cism-topic-1-question-353-discussion/
354 	87240	/discussions/isaca/view/87240-exam-cism-topic-1-question-354-discussion/
355 	90681	/discussions/isaca/view/90681-exam-cism-topic-1-question-355-discussion/
356 	91722	/discussions/isaca/view/91722-exam-cism-topic-1-question-356-discussion/
357 	105780	/discussions/isaca/view/105780-exam-cism-topic-1-question-357-discussion/
358 	96563	/discussions/isaca/view/96563-exam-cism-topic-1-question-358-discussion/
359 	96618	/discussions/isaca/view/96618-exam-cism-topic-1-question-359-discussion/
360 	105300	/discussions/isaca/view/105300-exam-cism-topic-1-question-360-discussion/
361 	94554	/discussions/isaca/view/94554-exam-cism-topic-1-question-361-discussion/
362 	112545	/discussions/isaca/view/112545-exam-cism-topic-1-question-362-discussion/
363 	112546	/discussions/isaca/view/112546-exam-cism-topic-1-question-363-discussion/
364 	112547	/discussions/isaca/view/112547-exam-cism-topic-1-question-364-discussion/
365 	101892	/discussions/isaca/view/101892-exam-cism-topic-1-question-365-discussion/
366 	112548	/discussions/isaca/view/112548-exam-cism-topic-1-question-366-discussion/
367 	91725	/discussions/isaca/view/91725-exam-cism-topic-1-question-367-discussion/
368 	96629	/discussions/isaca/view/96629-exam-cism-topic-1-question-368-discussion/
369 	82941	/discussions/isaca/view/82941-exam-cism-topic-1-question-369-discussion/
370 	112549	/discussions/isaca/view/112549-exam-cism-topic-1-question-370-discussion/
371 	112550	/discussions/isaca/view/112550-exam-cism-topic-1-question-371-discussion/
372 	111701	/discussions/isaca/view/111701-exam-cism-topic-1-question-372-discussion/
373 	94557	/discussions/isaca/view/94557-exam-cism-topic-1-question-373-discussion/
374 	107024	/discussions/isaca/view/107024-exam-cism-topic-1-question-374-discussion/
375 	112551	/discussions/isaca/view/112551-exam-cism-topic-1-question-375-discussion/
376 	112553	/discussions/isaca/view/112553-exam-cism-topic-1-question-376-discussion/
377 	96796	/discussions/isaca/view/96796-exam-cism-topic-1-question-377-discussion/
378 	112555	/discussions/isaca/view/112555-exam-cism-topic-1-question-378-discussion/
379 	90684	/discussions/isaca/view/90684-exam-cism-topic-1-question-379-discussion/
380 	112556	/discussions/isaca/view/112556-exam-cism-topic-1-question-380-discussion/
381 	112557	/discussions/isaca/view/112557-exam-cism-topic-1-question-381-discussion/
382 	112558	/discussions/isaca/view/112558-exam-cism-topic-1-question-382-discussion/
383 	91852	/discussions/isaca/view/91852-exam-cism-topic-1-question-383-discussion/
384 	112559	/discussions/isaca/view/112559-exam-cism-topic-1-question-384-discussion/
385 	112560	/discussions/isaca/view/112560-exam-cism-topic-1-question-385-discussion/
386 	91853	/discussions/isaca/view/91853-exam-cism-topic-1-question-386-discussion/
387 	87241	/discussions/isaca/view/87241-exam-cism-topic-1-question-387-discussion/
388 	94758	/discussions/isaca/view/94758-exam-cism-topic-1-question-388-discussion/
389 	98273	/discussions/isaca/view/98273-exam-cism-topic-1-question-389-discussion/
390 	110627	/discussions/isaca/view/110627-exam-cism-topic-1-question-390-discussion/
391 	96753	/discussions/isaca/view/96753-exam-cism-topic-1-question-391-discussion/
392 	91854	/discussions/isaca/view/91854-exam-cism-topic-1-question-392-discussion/
393 	96754	/discussions/isaca/view/96754-exam-cism-topic-1-question-393-discussion/
394 	98703	/discussions/isaca/view/98703-exam-cism-topic-1-question-394-discussion/
395 	112561	/discussions/isaca/view/112561-exam-cism-topic-1-question-395-discussion/
396 	112563	/discussions/isaca/view/112563-exam-cism-topic-1-question-396-discussion/
397 	112564	/discussions/isaca/view/112564-exam-cism-topic-1-question-397-discussion/
398 	91859	/discussions/isaca/view/91859-exam-cism-topic-1-question-398-discussion/
399 	112566	/discussions/isaca/view/112566-exam-cism-topic-1-question-399-discussion/
400 	112567	/discussions/isaca/view/112567-exam-cism-topic-1-question-400-discussion/
401 	96834	/discussions/isaca/view/96834-exam-cism-topic-1-question-401-discussion/
402 	82995	/discussions/isaca/view/82995-exam-cism-topic-1-question-402-discussion/
403 	112570	/discussions/isaca/view/112570-exam-cism-topic-1-question-403-discussion/
404 	91968	/discussions/isaca/view/91968-exam-cism-topic-1-question-404-discussion/
405 	112578	/discussions/isaca/view/112578-exam-cism-topic-1-question-405-discussion/
406 	113035	/discussions/isaca/view/113035-exam-cism-topic-1-question-406-discussion/
407 	113036	/discussions/isaca/view/113036-exam-cism-topic-1-question-407-discussion/
408 	96928	/discussions/isaca/view/96928-exam-cism-topic-1-question-408-discussion/
409 	113037	/discussions/isaca/view/113037-exam-cism-topic-1-question-409-discussion/
410 	113038	/discussions/isaca/view/113038-exam-cism-topic-1-question-410-discussion/
411 	113039	/discussions/isaca/view/113039-exam-cism-topic-1-question-411-discussion/
412 	96889	/discussions/isaca/view/96889-exam-cism-topic-1-question-412-discussion/
413 	98279	/discussions/isaca/view/98279-exam-cism-topic-1-question-413-discussion/
414 	94798	/discussions/isaca/view/94798-exam-cism-topic-1-question-414-discussion/
415 	113040	/discussions/isaca/view/113040-exam-cism-topic-1-question-415-discussion/
416 	98280	/discussions/isaca/view/98280-exam-cism-topic-1-question-416-discussion/
417 	92391	/discussions/isaca/view/92391-exam-cism-topic-1-question-417-discussion/
418 	91969	/discussions/isaca/view/91969-exam-cism-topic-1-question-418-discussion/
419 	87246	/discussions/isaca/view/87246-exam-cism-topic-1-question-419-discussion/
420 	91970	/discussions/isaca/view/91970-exam-cism-topic-1-question-420-discussion/
421 	113041	/discussions/isaca/view/113041-exam-cism-topic-1-question-421-discussion/
422 	105128	/discussions/isaca/view/105128-exam-cism-topic-1-question-422-discussion/
423 	96857	/discussions/isaca/view/96857-exam-cism-topic-1-question-423-discussion/
424 	92394	/discussions/isaca/view/92394-exam-cism-topic-1-question-424-discussion/
425 	113042	/discussions/isaca/view/113042-exam-cism-topic-1-question-425-discussion/
426 	113043	/discussions/isaca/view/113043-exam-cism-topic-1-question-426-discussion/
427 	109174	/discussions/isaca/view/109174-exam-cism-topic-1-question-427-discussion/
428 	91971	/discussions/isaca/view/91971-exam-cism-topic-1-question-428-discussion/
429 	109176	/discussions/isaca/view/109176-exam-cism-topic-1-question-429-discussion/
430 	99060	/discussions/isaca/view/99060-exam-cism-topic-1-question-430-discussion/
432 	92395	/discussions/isaca/view/92395-exam-cism-topic-1-question-432-discussion/
433 	91972	/discussions/isaca/view/91972-exam-cism-topic-1-question-433-discussion/
434 	113455	/discussions/isaca/view/113455-exam-cism-topic-1-question-434-discussion/
435 	113456	/discussions/isaca/view/113456-exam-cism-topic-1-question-435-discussion/
436 	109177	/discussions/isaca/view/109177-exam-cism-topic-1-question-436-discussion/
437 	109178	/discussions/isaca/view/109178-exam-cism-topic-1-question-437-discussion/
438 	91973	/discussions/isaca/view/91973-exam-cism-topic-1-question-438-discussion/
439 	113458	/discussions/isaca/view/113458-exam-cism-topic-1-question-439-discussion/
440 	83003	/discussions/isaca/view/83003-exam-cism-topic-1-question-440-discussion/
441 	98708	/discussions/isaca/view/98708-exam-cism-topic-1-question-441-discussion/
442 	113460	/discussions/isaca/view/113460-exam-cism-topic-1-question-442-discussion/
443 	113461	/discussions/isaca/view/113461-exam-cism-topic-1-question-443-discussion/
445 	113463	/discussions/isaca/view/113463-exam-cism-topic-1-question-445-discussion/
447 	113464	/discussions/isaca/view/113464-exam-cism-topic-1-question-447-discussion/
448 	113465	/discussions/isaca/view/113465-exam-cism-topic-1-question-448-discussion/
449 	109180	/discussions/isaca/view/109180-exam-cism-topic-1-question-449-discussion/
452 	87874	/discussions/isaca/view/87874-exam-cism-topic-1-question-452-discussion/
453 	92185	/discussions/isaca/view/92185-exam-cism-topic-1-question-453-discussion/
454 	113472	/discussions/isaca/view/113472-exam-cism-topic-1-question-454-discussion/
456 	112666	/discussions/isaca/view/112666-exam-cism-topic-1-question-456-discussion/
457 	113474	/discussions/isaca/view/113474-exam-cism-topic-1-question-457-discussion/
458 	96892	/discussions/isaca/view/96892-exam-cism-topic-1-question-458-discussion/
459 	86261	/discussions/isaca/view/86261-exam-cism-topic-1-question-459-discussion/
460 	113476	/discussions/isaca/view/113476-exam-cism-topic-1-question-460-discussion/
461 	113477	/discussions/isaca/view/113477-exam-cism-topic-1-question-461-discussion/
462 	113478	/discussions/isaca/view/113478-exam-cism-topic-1-question-462-discussion/
464 	92191	/discussions/isaca/view/92191-exam-cism-topic-1-question-464-discussion/
466 	86262	/discussions/isaca/view/86262-exam-cism-topic-1-question-466-discussion/
467 	113480	/discussions/isaca/view/113480-exam-cism-topic-1-question-467-discussion/
468 	113481	/discussions/isaca/view/113481-exam-cism-topic-1-question-468-discussion/
469 	113483	/discussions/isaca/view/113483-exam-cism-topic-1-question-469-discussion/
470 	113484	/discussions/isaca/view/113484-exam-cism-topic-1-question-470-discussion/
471 	113485	/discussions/isaca/view/113485-exam-cism-topic-1-question-471-discussion/
473 	113486	/discussions/isaca/view/113486-exam-cism-topic-1-question-473-discussion/
474 	113487	/discussions/isaca/view/113487-exam-cism-topic-1-question-474-discussion/
475 	113488	/discussions/isaca/view/113488-exam-cism-topic-1-question-475-discussion/
476 	90699	/discussions/isaca/view/90699-exam-cism-topic-1-question-476-discussion/
477 	75730	/discussions/isaca/view/75730-exam-cism-topic-1-question-477-discussion/
479 	113489	/discussions/isaca/view/113489-exam-cism-topic-1-question-479-discussion/
480 	113490	/discussions/isaca/view/113490-exam-cism-topic-1-question-480-discussion/
481 	92198	/discussions/isaca/view/92198-exam-cism-topic-1-question-481-discussion/
482 	113491	/discussions/isaca/view/113491-exam-cism-topic-1-question-482-discussion/
483 	113492	/discussions/isaca/view/113492-exam-cism-topic-1-question-483-discussion/
484 	83481	/discussions/isaca/view/83481-exam-cism-topic-1-question-484-discussion/
486 	92199	/discussions/isaca/view/92199-exam-cism-topic-1-question-486-discussion/
488 	96711	/discussions/isaca/view/96711-exam-cism-topic-1-question-488-discussion/
489 	103849	/discussions/isaca/view/103849-exam-cism-topic-1-question-489-discussion/
490 	95977	/discussions/isaca/view/95977-exam-cism-topic-1-question-490-discussion/
492 	96927	/discussions/isaca/view/96927-exam-cism-topic-1-question-492-discussion/
493 	113494	/discussions/isaca/view/113494-exam-cism-topic-1-question-493-discussion/
494 	83482	/discussions/isaca/view/83482-exam-cism-topic-1-question-494-discussion/
495 	89830	/discussions/isaca/view/89830-exam-cism-topic-1-question-495-discussion/
496 	87981	/discussions/isaca/view/87981-exam-cism-topic-1-question-496-discussion/
498 	113496	/discussions/isaca/view/113496-exam-cism-topic-1-question-498-discussion/
499 	113497	/discussions/isaca/view/113497-exam-cism-topic-1-question-499-discussion/
500 	99516	/discussions/isaca/view/99516-exam-cism-topic-1-question-500-discussion/
501 	113498	/discussions/isaca/view/113498-exam-cism-topic-1-question-501-discussion/
502 	91836	/discussions/isaca/view/91836-exam-cism-topic-1-question-502-discussion/
503 	113499	/discussions/isaca/view/113499-exam-cism-topic-1-question-503-discussion/
504 	113501	/discussions/isaca/view/113501-exam-cism-topic-1-question-504-discussion/
505 	92366	/discussions/isaca/view/92366-exam-cism-topic-1-question-505-discussion/
506 	96934	/discussions/isaca/view/96934-exam-cism-topic-1-question-506-discussion/
507 	99517	/discussions/isaca/view/99517-exam-cism-topic-1-question-507-discussion/
508 	113591	/discussions/isaca/view/113591-exam-cism-topic-1-question-508-discussion/
509 	86276	/discussions/isaca/view/86276-exam-cism-topic-1-question-509-discussion/
510 	96990	/discussions/isaca/view/96990-exam-cism-topic-1-question-510-discussion/
511 	96997	/discussions/isaca/view/96997-exam-cism-topic-1-question-511-discussion/
512 	96991	/discussions/isaca/view/96991-exam-cism-topic-1-question-512-discussion/
513 	92374	/discussions/isaca/view/92374-exam-cism-topic-1-question-513-discussion/
514 	113596	/discussions/isaca/view/113596-exam-cism-topic-1-question-514-discussion/
515 	96993	/discussions/isaca/view/96993-exam-cism-topic-1-question-515-discussion/
516 	96994	/discussions/isaca/view/96994-exam-cism-topic-1-question-516-discussion/
517 	83518	/discussions/isaca/view/83518-exam-cism-topic-1-question-517-discussion/
518 	103855	/discussions/isaca/view/103855-exam-cism-topic-1-question-518-discussion/
519 	113150	/discussions/isaca/view/113150-exam-cism-topic-1-question-519-discussion/
520 	96996	/discussions/isaca/view/96996-exam-cism-topic-1-question-520-discussion/
521 	111926	/discussions/isaca/view/111926-exam-cism-topic-1-question-521-discussion/
522 	95850	/discussions/isaca/view/95850-exam-cism-topic-1-question-522-discussion/
523 	83519	/discussions/isaca/view/83519-exam-cism-topic-1-question-523-discussion/
524 	91838	/discussions/isaca/view/91838-exam-cism-topic-1-question-524-discussion/
525 	97000	/discussions/isaca/view/97000-exam-cism-topic-1-question-525-discussion/
526 	97001	/discussions/isaca/view/97001-exam-cism-topic-1-question-526-discussion/
527 	83521	/discussions/isaca/view/83521-exam-cism-topic-1-question-527-discussion/
528 	99059	/discussions/isaca/view/99059-exam-cism-topic-1-question-528-discussion/
529 	91839	/discussions/isaca/view/91839-exam-cism-topic-1-question-529-discussion/
530 	86277	/discussions/isaca/view/86277-exam-cism-topic-1-question-530-discussion/
531 	99518	/discussions/isaca/view/99518-exam-cism-topic-1-question-531-discussion/
532 	92001	/discussions/isaca/view/92001-exam-cism-topic-1-question-532-discussion/
533 	113609	/discussions/isaca/view/113609-exam-cism-topic-1-question-533-discussion/
534 	92376	/discussions/isaca/view/92376-exam-cism-topic-1-question-534-discussion/
535 	113610	/discussions/isaca/view/113610-exam-cism-topic-1-question-535-discussion/
536 	96200	/discussions/isaca/view/96200-exam-cism-topic-1-question-536-discussion/
537 	98347	/discussions/isaca/view/98347-exam-cism-topic-1-question-537-discussion/
538 	92378	/discussions/isaca/view/92378-exam-cism-topic-1-question-538-discussion/
539 	113611	/discussions/isaca/view/113611-exam-cism-topic-1-question-539-discussion/
540 	113612	/discussions/isaca/view/113612-exam-cism-topic-1-question-540-discussion/
541 	113613	/discussions/isaca/view/113613-exam-cism-topic-1-question-541-discussion/
542 	92002	/discussions/isaca/view/92002-exam-cism-topic-1-question-542-discussion/
543 	98155	/discussions/isaca/view/98155-exam-cism-topic-1-question-543-discussion/
544 	113615	/discussions/isaca/view/113615-exam-cism-topic-1-question-544-discussion/
545 	103322	/discussions/isaca/view/103322-exam-cism-topic-1-question-545-discussion/
546 	92380	/discussions/isaca/view/92380-exam-cism-topic-1-question-546-discussion/
547 	87935	/discussions/isaca/view/87935-exam-cism-topic-1-question-547-discussion/
548 	87984	/discussions/isaca/view/87984-exam-cism-topic-1-question-548-discussion/
549 	86278	/discussions/isaca/view/86278-exam-cism-topic-1-question-549-discussion/
550 	87934	/discussions/isaca/view/87934-exam-cism-topic-1-question-550-discussion/
551 	87985	/discussions/isaca/view/87985-exam-cism-topic-1-question-551-discussion/
552 	113351	/discussions/isaca/view/113351-exam-cism-topic-1-question-552-discussion/
553 	113616	/discussions/isaca/view/113616-exam-cism-topic-1-question-553-discussion/
554 	113617	/discussions/isaca/view/113617-exam-cism-topic-1-question-554-discussion/
555 	92588	/discussions/isaca/view/92588-exam-cism-topic-1-question-555-discussion/
556 	113618	/discussions/isaca/view/113618-exam-cism-topic-1-question-556-discussion/
557 	90809	/discussions/isaca/view/90809-exam-cism-topic-1-question-557-discussion/
558 	99519	/discussions/isaca/view/99519-exam-cism-topic-1-question-558-discussion/
559 	109233	/discussions/isaca/view/109233-exam-cism-topic-1-question-559-discussion/
560 	97067	/discussions/isaca/view/97067-exam-cism-topic-1-question-560-discussion/
561 	113619	/discussions/isaca/view/113619-exam-cism-topic-1-question-561-discussion/
562 	101525	/discussions/isaca/view/101525-exam-cism-topic-1-question-562-discussion/
563 	97069	/discussions/isaca/view/97069-exam-cism-topic-1-question-563-discussion/
564 	109235	/discussions/isaca/view/109235-exam-cism-topic-1-question-564-discussion/
565 	113620	/discussions/isaca/view/113620-exam-cism-topic-1-question-565-discussion/
566 	113621	/discussions/isaca/view/113621-exam-cism-topic-1-question-566-discussion/
567 	113167	/discussions/isaca/view/113167-exam-cism-topic-1-question-567-discussion/
568 	95791	/discussions/isaca/view/95791-exam-cism-topic-1-question-568-discussion/
569 	113622	/discussions/isaca/view/113622-exam-cism-topic-1-question-569-discussion/
570 	91885	/discussions/isaca/view/91885-exam-cism-topic-1-question-570-discussion/
571 	97072	/discussions/isaca/view/97072-exam-cism-topic-1-question-571-discussion/
572 	90034	/discussions/isaca/view/90034-exam-cism-topic-1-question-572-discussion/
573 	91886	/discussions/isaca/view/91886-exam-cism-topic-1-question-573-discussion/
574 	92591	/discussions/isaca/view/92591-exam-cism-topic-1-question-574-discussion/
575 	113623	/discussions/isaca/view/113623-exam-cism-topic-1-question-575-discussion/
576 	99520	/discussions/isaca/view/99520-exam-cism-topic-1-question-576-discussion/
577 	97073	/discussions/isaca/view/97073-exam-cism-topic-1-question-577-discussion/
578 	113624	/discussions/isaca/view/113624-exam-cism-topic-1-question-578-discussion/
579 	92004	/discussions/isaca/view/92004-exam-cism-topic-1-question-579-discussion/
580 	92592	/discussions/isaca/view/92592-exam-cism-topic-1-question-580-discussion/
581 	89906	/discussions/isaca/view/89906-exam-cism-topic-1-question-581-discussion/
582 	97076	/discussions/isaca/view/97076-exam-cism-topic-1-question-582-discussion/
583 	91888	/discussions/isaca/view/91888-exam-cism-topic-1-question-583-discussion/
584 	113625	/discussions/isaca/view/113625-exam-cism-topic-1-question-584-discussion/
585 	103909	/discussions/isaca/view/103909-exam-cism-topic-1-question-585-discussion/
586 	91889	/discussions/isaca/view/91889-exam-cism-topic-1-question-586-discussion/
587 	95783	/discussions/isaca/view/95783-exam-cism-topic-1-question-587-discussion/
588 	100779	/discussions/isaca/view/100779-exam-cism-topic-1-question-588-discussion/
589 	91890	/discussions/isaca/view/91890-exam-cism-topic-1-question-589-discussion/
590 	92593	/discussions/isaca/view/92593-exam-cism-topic-1-question-590-discussion/
591 	108057	/discussions/isaca/view/108057-exam-cism-topic-1-question-591-discussion/
592 	92594	/discussions/isaca/view/92594-exam-cism-topic-1-question-592-discussion/
593 	113626	/discussions/isaca/view/113626-exam-cism-topic-1-question-593-discussion/
594 	113627	/discussions/isaca/view/113627-exam-cism-topic-1-question-594-discussion/
595 	91891	/discussions/isaca/view/91891-exam-cism-topic-1-question-595-discussion/
596 	113628	/discussions/isaca/view/113628-exam-cism-topic-1-question-596-discussion/
597 	91892	/discussions/isaca/view/91892-exam-cism-topic-1-question-597-discussion/
598 	97079	/discussions/isaca/view/97079-exam-cism-topic-1-question-598-discussion/
599 	91893	/discussions/isaca/view/91893-exam-cism-topic-1-question-599-discussion/
600 	113630	/discussions/isaca/view/113630-exam-cism-topic-1-question-600-discussion/
601 	92006	/discussions/isaca/view/92006-exam-cism-topic-1-question-601-discussion/
602 	91894	/discussions/isaca/view/91894-exam-cism-topic-1-question-602-discussion/
603 	99522	/discussions/isaca/view/99522-exam-cism-topic-1-question-603-discussion/
604 	98553	/discussions/isaca/view/98553-exam-cism-topic-1-question-604-discussion/
605 	92279	/discussions/isaca/view/92279-exam-cism-topic-1-question-605-discussion/
606 	92280	/discussions/isaca/view/92280-exam-cism-topic-1-question-606-discussion/
607 	92647	/discussions/isaca/view/92647-exam-cism-topic-1-question-607-discussion/
608 	97082	/discussions/isaca/view/97082-exam-cism-topic-1-question-608-discussion/
609 	92337	/discussions/isaca/view/92337-exam-cism-topic-1-question-609-discussion/
610 	98558	/discussions/isaca/view/98558-exam-cism-topic-1-question-610-discussion/
611 	114047	/discussions/isaca/view/114047-exam-cism-topic-1-question-611-discussion/
612 	92649	/discussions/isaca/view/92649-exam-cism-topic-1-question-612-discussion/
613 	92650	/discussions/isaca/view/92650-exam-cism-topic-1-question-613-discussion/
615 	114049	/discussions/isaca/view/114049-exam-cism-topic-1-question-615-discussion/
616 	114050	/discussions/isaca/view/114050-exam-cism-topic-1-question-616-discussion/
617 	102527	/discussions/isaca/view/102527-exam-cism-topic-1-question-617-discussion/
619 	113939	/discussions/isaca/view/113939-exam-cism-topic-1-question-619-discussion/
620 	114052	/discussions/isaca/view/114052-exam-cism-topic-1-question-620-discussion/
621 	114053	/discussions/isaca/view/114053-exam-cism-topic-1-question-621-discussion/
622 	92651	/discussions/isaca/view/92651-exam-cism-topic-1-question-622-discussion/
623 	92652	/discussions/isaca/view/92652-exam-cism-topic-1-question-623-discussion/
625 	99524	/discussions/isaca/view/99524-exam-cism-topic-1-question-625-discussion/
626 	99029	/discussions/isaca/view/99029-exam-cism-topic-1-question-626-discussion/
627 	92653	/discussions/isaca/view/92653-exam-cism-topic-1-question-627-discussion/
628 	113466	/discussions/isaca/view/113466-exam-cism-topic-1-question-628-discussion/
629 	92655	/discussions/isaca/view/92655-exam-cism-topic-1-question-629-discussion/
630 	92656	/discussions/isaca/view/92656-exam-cism-topic-1-question-630-discussion/
631 	114054	/discussions/isaca/view/114054-exam-cism-topic-1-question-631-discussion/
632 	100794	/discussions/isaca/view/100794-exam-cism-topic-1-question-632-discussion/
633 	114056	/discussions/isaca/view/114056-exam-cism-topic-1-question-633-discussion/
634 	97116	/discussions/isaca/view/97116-exam-cism-topic-1-question-634-discussion/
635 	114057	/discussions/isaca/view/114057-exam-cism-topic-1-question-635-discussion/
636 	114058	/discussions/isaca/view/114058-exam-cism-topic-1-question-636-discussion/
637 	97117	/discussions/isaca/view/97117-exam-cism-topic-1-question-637-discussion/
638 	114132	/discussions/isaca/view/114132-exam-cism-topic-1-question-638-discussion/
639 	114133	/discussions/isaca/view/114133-exam-cism-topic-1-question-639-discussion/
640 	106303	/discussions/isaca/view/106303-exam-cism-topic-1-question-640-discussion/
641 	92339	/discussions/isaca/view/92339-exam-cism-topic-1-question-641-discussion/
642 	114134	/discussions/isaca/view/114134-exam-cism-topic-1-question-642-discussion/
643 	92659	/discussions/isaca/view/92659-exam-cism-topic-1-question-643-discussion/
644 	92660	/discussions/isaca/view/92660-exam-cism-topic-1-question-644-discussion/
645 	114135	/discussions/isaca/view/114135-exam-cism-topic-1-question-645-discussion/
646 	114136	/discussions/isaca/view/114136-exam-cism-topic-1-question-646-discussion/
647 	114137	/discussions/isaca/view/114137-exam-cism-topic-1-question-647-discussion/
648 	114138	/discussions/isaca/view/114138-exam-cism-topic-1-question-648-discussion/
649 	97118	/discussions/isaca/view/97118-exam-cism-topic-1-question-649-discussion/
650 	100010	/discussions/isaca/view/100010-exam-cism-topic-1-question-650-discussion/
651 	92661	/discussions/isaca/view/92661-exam-cism-topic-1-question-651-discussion/
652 	97773	/discussions/isaca/view/97773-exam-cism-topic-1-question-652-discussion/
653 	97250	/discussions/isaca/view/97250-exam-cism-topic-1-question-653-discussion/
654 	92662	/discussions/isaca/view/92662-exam-cism-topic-1-question-654-discussion/
655 	92663	/discussions/isaca/view/92663-exam-cism-topic-1-question-655-discussion/
656 	92664	/discussions/isaca/view/92664-exam-cism-topic-1-question-656-discussion/
657 	114141	/discussions/isaca/view/114141-exam-cism-topic-1-question-657-discussion/
658 	112844	/discussions/isaca/view/112844-exam-cism-topic-1-question-658-discussion/
659 	114142	/discussions/isaca/view/114142-exam-cism-topic-1-question-659-discussion/
660 	114346	/discussions/isaca/view/114346-exam-cism-topic-1-question-660-discussion/
661 	99525	/discussions/isaca/view/99525-exam-cism-topic-1-question-661-discussion/
662 	97641	/discussions/isaca/view/97641-exam-cism-topic-1-question-662-discussion/
663 	97642	/discussions/isaca/view/97642-exam-cism-topic-1-question-663-discussion/
664 	114347	/discussions/isaca/view/114347-exam-cism-topic-1-question-664-discussion/
665 	114348	/discussions/isaca/view/114348-exam-cism-topic-1-question-665-discussion/
666 	114349	/discussions/isaca/view/114349-exam-cism-topic-1-question-666-discussion/
668 	114351	/discussions/isaca/view/114351-exam-cism-topic-1-question-668-discussion/
669 	114353	/discussions/isaca/view/114353-exam-cism-topic-1-question-669-discussion/
670 	101832	/discussions/isaca/view/101832-exam-cism-topic-1-question-670-discussion/
671 	98145	/discussions/isaca/view/98145-exam-cism-topic-1-question-671-discussion/
672 	102495	/discussions/isaca/view/102495-exam-cism-topic-1-question-672-discussion/
673 	114098	/discussions/isaca/view/114098-exam-cism-topic-1-question-673-discussion/
674 	92665	/discussions/isaca/view/92665-exam-cism-topic-1-question-674-discussion/
675 	112849	/discussions/isaca/view/112849-exam-cism-topic-1-question-675-discussion/
676 	92666	/discussions/isaca/view/92666-exam-cism-topic-1-question-676-discussion/
677 	92667	/discussions/isaca/view/92667-exam-cism-topic-1-question-677-discussion/
678 	108224	/discussions/isaca/view/108224-exam-cism-topic-1-question-678-discussion/
679 	114354	/discussions/isaca/view/114354-exam-cism-topic-1-question-679-discussion/
680 	114355	/discussions/isaca/view/114355-exam-cism-topic-1-question-680-discussion/
681 	114099	/discussions/isaca/view/114099-exam-cism-topic-1-question-681-discussion/
682 	113219	/discussions/isaca/view/113219-exam-cism-topic-1-question-682-discussion/
683 	99526	/discussions/isaca/view/99526-exam-cism-topic-1-question-683-discussion/
684 	106200	/discussions/isaca/view/106200-exam-cism-topic-1-question-684-discussion/
685 	92668	/discussions/isaca/view/92668-exam-cism-topic-1-question-685-discussion/
686 	112854	/discussions/isaca/view/112854-exam-cism-topic-1-question-686-discussion/
687 	114356	/discussions/isaca/view/114356-exam-cism-topic-1-question-687-discussion/
688 	92669	/discussions/isaca/view/92669-exam-cism-topic-1-question-688-discussion/
689 	114357	/discussions/isaca/view/114357-exam-cism-topic-1-question-689-discussion/
690 	114358	/discussions/isaca/view/114358-exam-cism-topic-1-question-690-discussion/
691 	114359	/discussions/isaca/view/114359-exam-cism-topic-1-question-691-discussion/
692 	99527	/discussions/isaca/view/99527-exam-cism-topic-1-question-692-discussion/
693 	92670	/discussions/isaca/view/92670-exam-cism-topic-1-question-693-discussion/
694 	113222	/discussions/isaca/view/113222-exam-cism-topic-1-question-694-discussion/
695 	114360	/discussions/isaca/view/114360-exam-cism-topic-1-question-695-discussion/
696 	97935	/discussions/isaca/view/97935-exam-cism-topic-1-question-696-discussion/
697 	114361	/discussions/isaca/view/114361-exam-cism-topic-1-question-697-discussion/
698 	92671	/discussions/isaca/view/92671-exam-cism-topic-1-question-698-discussion/
699 	92351	/discussions/isaca/view/92351-exam-cism-topic-1-question-699-discussion/
700 	99528	/discussions/isaca/view/99528-exam-cism-topic-1-question-700-discussion/
701 	114362	/discussions/isaca/view/114362-exam-cism-topic-1-question-701-discussion/
702 	96502	/discussions/isaca/view/96502-exam-cism-topic-1-question-702-discussion/
703 	98121	/discussions/isaca/view/98121-exam-cism-topic-1-question-703-discussion/
704 	114363	/discussions/isaca/view/114363-exam-cism-topic-1-question-704-discussion/
705 	99529	/discussions/isaca/view/99529-exam-cism-topic-1-question-705-discussion/
706 	114364	/discussions/isaca/view/114364-exam-cism-topic-1-question-706-discussion/
707 	114365	/discussions/isaca/view/114365-exam-cism-topic-1-question-707-discussion/
708 	114366	/discussions/isaca/view/114366-exam-cism-topic-1-question-708-discussion/
709 	109311	/discussions/isaca/view/109311-exam-cism-topic-1-question-709-discussion/
710 	114367	/discussions/isaca/view/114367-exam-cism-topic-1-question-710-discussion/
711 	101598	/discussions/isaca/view/101598-exam-cism-topic-1-question-711-discussion/
712 	97461	/discussions/isaca/view/97461-exam-cism-topic-1-question-712-discussion/
713 	113319	/discussions/isaca/view/113319-exam-cism-topic-1-question-713-discussion/
714 	114368	/discussions/isaca/view/114368-exam-cism-topic-1-question-714-discussion/
715 	113320	/discussions/isaca/view/113320-exam-cism-topic-1-question-715-discussion/
716 	98670	/discussions/isaca/view/98670-exam-cism-topic-1-question-716-discussion/
717 	114369	/discussions/isaca/view/114369-exam-cism-topic-1-question-717-discussion/
718 	101606	/discussions/isaca/view/101606-exam-cism-topic-1-question-718-discussion/
720 	92822	/discussions/isaca/view/92822-exam-cism-topic-1-question-720-discussion/
721 	97938	/discussions/isaca/view/97938-exam-cism-topic-1-question-721-discussion/
722 	114370	/discussions/isaca/view/114370-exam-cism-topic-1-question-722-discussion/
723 	114371	/discussions/isaca/view/114371-exam-cism-topic-1-question-723-discussion/
724 	112897	/discussions/isaca/view/112897-exam-cism-topic-1-question-724-discussion/
726 	92823	/discussions/isaca/view/92823-exam-cism-topic-1-question-726-discussion/
727 	92824	/discussions/isaca/view/92824-exam-cism-topic-1-question-727-discussion/
728 	92825	/discussions/isaca/view/92825-exam-cism-topic-1-question-728-discussion/
729 	112899	/discussions/isaca/view/112899-exam-cism-topic-1-question-729-discussion/
730 	97471	/discussions/isaca/view/97471-exam-cism-topic-1-question-730-discussion/
731 	97473	/discussions/isaca/view/97473-exam-cism-topic-1-question-731-discussion/
732 	97472	/discussions/isaca/view/97472-exam-cism-topic-1-question-732-discussion/
733 	114372	/discussions/isaca/view/114372-exam-cism-topic-1-question-733-discussion/
734 	114373	/discussions/isaca/view/114373-exam-cism-topic-1-question-734-discussion/
735 	100982	/discussions/isaca/view/100982-exam-cism-topic-1-question-735-discussion/
736 	98099	/discussions/isaca/view/98099-exam-cism-topic-1-question-736-discussion/
737 	114374	/discussions/isaca/view/114374-exam-cism-topic-1-question-737-discussion/
738 	97941	/discussions/isaca/view/97941-exam-cism-topic-1-question-738-discussion/
739 	97942	/discussions/isaca/view/97942-exam-cism-topic-1-question-739-discussion/
740 	113236	/discussions/isaca/view/113236-exam-cism-topic-1-question-740-discussion/
741 	97943	/discussions/isaca/view/97943-exam-cism-topic-1-question-741-discussion/
742 	98672	/discussions/isaca/view/98672-exam-cism-topic-1-question-742-discussion/
743 	97944	/discussions/isaca/view/97944-exam-cism-topic-1-question-743-discussion/
744 	114377	/discussions/isaca/view/114377-exam-cism-topic-1-question-744-discussion/
745 	114379	/discussions/isaca/view/114379-exam-cism-topic-1-question-745-discussion/
746 	98673	/discussions/isaca/view/98673-exam-cism-topic-1-question-746-discussion/
747 	98096	/discussions/isaca/view/98096-exam-cism-topic-1-question-747-discussion/
749 	114381	/discussions/isaca/view/114381-exam-cism-topic-1-question-749-discussion/
750 	98674	/discussions/isaca/view/98674-exam-cism-topic-1-question-750-discussion/
751 	97990	/discussions/isaca/view/97990-exam-cism-topic-1-question-751-discussion/
752 	114382	/discussions/isaca/view/114382-exam-cism-topic-1-question-752-discussion/
753 	114383	/discussions/isaca/view/114383-exam-cism-topic-1-question-753-discussion/
754 	114384	/discussions/isaca/view/114384-exam-cism-topic-1-question-754-discussion/
755 	97991	/discussions/isaca/view/97991-exam-cism-topic-1-question-755-discussion/
757 	114385	/discussions/isaca/view/114385-exam-cism-topic-1-question-757-discussion/
758 	114386	/discussions/isaca/view/114386-exam-cism-topic-1-question-758-discussion/
759 	114387	/discussions/isaca/view/114387-exam-cism-topic-1-question-759-discussion/
760 	114388	/discussions/isaca/view/114388-exam-cism-topic-1-question-760-discussion/
761 	98675	/discussions/isaca/view/98675-exam-cism-topic-1-question-761-discussion/
762 	97994	/discussions/isaca/view/97994-exam-cism-topic-1-question-762-discussion/
763 	99530	/discussions/isaca/view/99530-exam-cism-topic-1-question-763-discussion/
764 	114391	/discussions/isaca/view/114391-exam-cism-topic-1-question-764-discussion/
765 	114393	/discussions/isaca/view/114393-exam-cism-topic-1-question-765-discussion/
766 	99531	/discussions/isaca/view/99531-exam-cism-topic-1-question-766-discussion/
767 	99532	/discussions/isaca/view/99532-exam-cism-topic-1-question-767-discussion/
768 	97998	/discussions/isaca/view/97998-exam-cism-topic-1-question-768-discussion/
769 	97999	/discussions/isaca/view/97999-exam-cism-topic-1-question-769-discussion/
770 	114637	/discussions/isaca/view/114637-exam-cism-topic-1-question-770-discussion/
771 	114638	/discussions/isaca/view/114638-exam-cism-topic-1-question-771-discussion/
772 	98001	/discussions/isaca/view/98001-exam-cism-topic-1-question-772-discussion/
773 	98002	/discussions/isaca/view/98002-exam-cism-topic-1-question-773-discussion/
774 	114639	/discussions/isaca/view/114639-exam-cism-topic-1-question-774-discussion/
775 	114184	/discussions/isaca/view/114184-exam-cism-topic-1-question-775-discussion/
776 	99533	/discussions/isaca/view/99533-exam-cism-topic-1-question-776-discussion/
777 	98003	/discussions/isaca/view/98003-exam-cism-topic-1-question-777-discussion/
778 	114640	/discussions/isaca/view/114640-exam-cism-topic-1-question-778-discussion/
779 	110737	/discussions/isaca/view/110737-exam-cism-topic-1-question-779-discussion/
780 	99534	/discussions/isaca/view/99534-exam-cism-topic-1-question-780-discussion/
781 	98004	/discussions/isaca/view/98004-exam-cism-topic-1-question-781-discussion/
782 	98005	/discussions/isaca/view/98005-exam-cism-topic-1-question-782-discussion/
783 	114641	/discussions/isaca/view/114641-exam-cism-topic-1-question-783-discussion/
784 	110738	/discussions/isaca/view/110738-exam-cism-topic-1-question-784-discussion/
785 	99535	/discussions/isaca/view/99535-exam-cism-topic-1-question-785-discussion/
786 	109335	/discussions/isaca/view/109335-exam-cism-topic-1-question-786-discussion/
787 	114642	/discussions/isaca/view/114642-exam-cism-topic-1-question-787-discussion/
788 	114643	/discussions/isaca/view/114643-exam-cism-topic-1-question-788-discussion/
789 	98008	/discussions/isaca/view/98008-exam-cism-topic-1-question-789-discussion/
790 	114644	/discussions/isaca/view/114644-exam-cism-topic-1-question-790-discussion/
791 	98012	/discussions/isaca/view/98012-exam-cism-topic-1-question-791-discussion/
792 	99536	/discussions/isaca/view/99536-exam-cism-topic-1-question-792-discussion/
793 	114646	/discussions/isaca/view/114646-exam-cism-topic-1-question-793-discussion/
794 	114199	/discussions/isaca/view/114199-exam-cism-topic-1-question-794-discussion/
795 	114648	/discussions/isaca/view/114648-exam-cism-topic-1-question-795-discussion/
796 	99538	/discussions/isaca/view/99538-exam-cism-topic-1-question-796-discussion/
797 	99540	/discussions/isaca/view/99540-exam-cism-topic-1-question-797-discussion/
798 	114649	/discussions/isaca/view/114649-exam-cism-topic-1-question-798-discussion/
799 	98014	/discussions/isaca/view/98014-exam-cism-topic-1-question-799-discussion/
800 	98015	/discussions/isaca/view/98015-exam-cism-topic-1-question-800-discussion/
801 	111046	/discussions/isaca/view/111046-exam-cism-topic-1-question-801-discussion/
802 	98047	/discussions/isaca/view/98047-exam-cism-topic-1-question-802-discussion/
803 	98017	/discussions/isaca/view/98017-exam-cism-topic-1-question-803-discussion/
804 	114752	/discussions/isaca/view/114752-exam-cism-topic-1-question-804-discussion/
805 	111945	/discussions/isaca/view/111945-exam-cism-topic-1-question-805-discussion/
806 	113446	/discussions/isaca/view/113446-exam-cism-topic-1-question-806-discussion/
807 	98019	/discussions/isaca/view/98019-exam-cism-topic-1-question-807-discussion/
808 	98020	/discussions/isaca/view/98020-exam-cism-topic-1-question-808-discussion/
809 	114757	/discussions/isaca/view/114757-exam-cism-topic-1-question-809-discussion/
810 	110376	/discussions/isaca/view/110376-exam-cism-topic-1-question-810-discussion/
811 	98021	/discussions/isaca/view/98021-exam-cism-topic-1-question-811-discussion/
812 	114758	/discussions/isaca/view/114758-exam-cism-topic-1-question-812-discussion/
813 	114759	/discussions/isaca/view/114759-exam-cism-topic-1-question-813-discussion/
815 	114761	/discussions/isaca/view/114761-exam-cism-topic-1-question-815-discussion/
816 	114762	/discussions/isaca/view/114762-exam-cism-topic-1-question-816-discussion/
817 	114763	/discussions/isaca/view/114763-exam-cism-topic-1-question-817-discussion/
818 	114112	/discussions/isaca/view/114112-exam-cism-topic-1-question-818-discussion/
819 	109907	/discussions/isaca/view/109907-exam-cism-topic-1-question-819-discussion/
820 	114534	/discussions/isaca/view/114534-exam-cism-topic-1-question-820-discussion/
821 	112376	/discussions/isaca/view/112376-exam-cism-topic-1-question-821-discussion/
822 	114765	/discussions/isaca/view/114765-exam-cism-topic-1-question-822-discussion/
823 	114766	/discussions/isaca/view/114766-exam-cism-topic-1-question-823-discussion/
824 	113244	/discussions/isaca/view/113244-exam-cism-topic-1-question-824-discussion/
825 	109913	/discussions/isaca/view/109913-exam-cism-topic-1-question-825-discussion/
826 	114767	/discussions/isaca/view/114767-exam-cism-topic-1-question-826-discussion/
827 	114768	/discussions/isaca/view/114768-exam-cism-topic-1-question-827-discussion/
828 	109914	/discussions/isaca/view/109914-exam-cism-topic-1-question-828-discussion/
829 	114769	/discussions/isaca/view/114769-exam-cism-topic-1-question-829-discussion/
830 	114770	/discussions/isaca/view/114770-exam-cism-topic-1-question-830-discussion/
831 	114771	/discussions/isaca/view/114771-exam-cism-topic-1-question-831-discussion/
832 	114772	/discussions/isaca/view/114772-exam-cism-topic-1-question-832-discussion/
833 	114773	/discussions/isaca/view/114773-exam-cism-topic-1-question-833-discussion/
834 	112380	/discussions/isaca/view/112380-exam-cism-topic-1-question-834-discussion/
835 	114775	/discussions/isaca/view/114775-exam-cism-topic-1-question-835-discussion/
837 	112381	/discussions/isaca/view/112381-exam-cism-topic-1-question-837-discussion/
838 	112382	/discussions/isaca/view/112382-exam-cism-topic-1-question-838-discussion/
839 	112383	/discussions/isaca/view/112383-exam-cism-topic-1-question-839-discussion/
840 	114776	/discussions/isaca/view/114776-exam-cism-topic-1-question-840-discussion/
841 	110378	/discussions/isaca/view/110378-exam-cism-topic-1-question-841-discussion/
842 	114777	/discussions/isaca/view/114777-exam-cism-topic-1-question-842-discussion/
843 	112617	/discussions/isaca/view/112617-exam-cism-topic-1-question-843-discussion/
844 	114778	/discussions/isaca/view/114778-exam-cism-topic-1-question-844-discussion/
845 	114779	/discussions/isaca/view/114779-exam-cism-topic-1-question-845-discussion/
846 	113448	/discussions/isaca/view/113448-exam-cism-topic-1-question-846-discussion/
847 	112386	/discussions/isaca/view/112386-exam-cism-topic-1-question-847-discussion/
849 	114781	/discussions/isaca/view/114781-exam-cism-topic-1-question-849-discussion/
850 	114782	/discussions/isaca/view/114782-exam-cism-topic-1-question-850-discussion/
851 	109917	/discussions/isaca/view/109917-exam-cism-topic-1-question-851-discussion/
852 	109918	/discussions/isaca/view/109918-exam-cism-topic-1-question-852-discussion/
853 	114783	/discussions/isaca/view/114783-exam-cism-topic-1-question-853-discussion/
854 	112224	/discussions/isaca/view/112224-exam-cism-topic-1-question-854-discussion/
855 	114784	/discussions/isaca/view/114784-exam-cism-topic-1-question-855-discussion/
856 	114785	/discussions/isaca/view/114785-exam-cism-topic-1-question-856-discussion/
857 	114786	/discussions/isaca/view/114786-exam-cism-topic-1-question-857-discussion/
858 	110474	/discussions/isaca/view/110474-exam-cism-topic-1-question-858-discussion/
859 	114789	/discussions/isaca/view/114789-exam-cism-topic-1-question-859-discussion/
860 	114790	/discussions/isaca/view/114790-exam-cism-topic-1-question-860-discussion/
868 	117437	/discussions/isaca/view/117437-exam-cism-topic-1-question-868-discussion/
884 	117373	/discussions/isaca/view/117373-exam-cism-topic-1-question-884-discussion/
887 	117634	/discussions/isaca/view/117634-exam-cism-topic-1-question-887-discussion/
900 	117593	/discussions/isaca/view/117593-exam-cism-topic-1-question-900-discussion/
906 	117456	/discussions/isaca/view/117456-exam-cism-topic-1-question-906-discussion/
