1	25182	807243	/discussions/amazon/view/25182-exam-aws-certified-database-specialty-topic-1-question-1/
2	67312	807244	/discussions/amazon/view/67312-exam-aws-certified-database-specialty-topic-1-question-2/
3	25011	807245	/discussions/amazon/view/25011-exam-aws-certified-database-specialty-topic-1-question-3/
4	25029	807246	/discussions/amazon/view/25029-exam-aws-certified-database-specialty-topic-1-question-4/
5	25030	807247	/discussions/amazon/view/25030-exam-aws-certified-database-specialty-topic-1-question-5/
6	25032	807248	/discussions/amazon/view/25032-exam-aws-certified-database-specialty-topic-1-question-6/
7	25044	807249	/discussions/amazon/view/25044-exam-aws-certified-database-specialty-topic-1-question-7/
8	67043	807250	/discussions/amazon/view/67043-exam-aws-certified-database-specialty-topic-1-question-8/
9	25084	807251	/discussions/amazon/view/25084-exam-aws-certified-database-specialty-topic-1-question-9/
10	25049	807252	/discussions/amazon/view/25049-exam-aws-certified-database-specialty-topic-1-question-10/
11	25052	807253	/discussions/amazon/view/25052-exam-aws-certified-database-specialty-topic-1-question-11/
12	25180	807254	/discussions/amazon/view/25180-exam-aws-certified-database-specialty-topic-1-question-12/
13	25790	807255	/discussions/amazon/view/25790-exam-aws-certified-database-specialty-topic-1-question-13/
14	66148	807256	/discussions/amazon/view/66148-exam-aws-certified-database-specialty-topic-1-question-14/
15	25069	807257	/discussions/amazon/view/25069-exam-aws-certified-database-specialty-topic-1-question-15/
16	66661	807258	/discussions/amazon/view/66661-exam-aws-certified-database-specialty-topic-1-question-16/
17	26261	807259	/discussions/amazon/view/26261-exam-aws-certified-database-specialty-topic-1-question-17/
18	26011	807260	/discussions/amazon/view/26011-exam-aws-certified-database-specialty-topic-1-question-18/
19	25643	807261	/discussions/amazon/view/25643-exam-aws-certified-database-specialty-topic-1-question-19/
20	65817	807262	/discussions/amazon/view/65817-exam-aws-certified-database-specialty-topic-1-question-20/
21	26014	807263	/discussions/amazon/view/26014-exam-aws-certified-database-specialty-topic-1-question-21/
22	25813	807264	/discussions/amazon/view/25813-exam-aws-certified-database-specialty-topic-1-question-22/
23	25547	807265	/discussions/amazon/view/25547-exam-aws-certified-database-specialty-topic-1-question-23/
24	25814	807266	/discussions/amazon/view/25814-exam-aws-certified-database-specialty-topic-1-question-24/
25	25405	807267	/discussions/amazon/view/25405-exam-aws-certified-database-specialty-topic-1-question-25/
26	25406	807268	/discussions/amazon/view/25406-exam-aws-certified-database-specialty-topic-1-question-26/
27	25515	807269	/discussions/amazon/view/25515-exam-aws-certified-database-specialty-topic-1-question-27/
28	25516	807270	/discussions/amazon/view/25516-exam-aws-certified-database-specialty-topic-1-question-28/
29	67416	807271	/discussions/amazon/view/67416-exam-aws-certified-database-specialty-topic-1-question-29/
30	26016	807272	/discussions/amazon/view/26016-exam-aws-certified-database-specialty-topic-1-question-30/
31	67316	807273	/discussions/amazon/view/67316-exam-aws-certified-database-specialty-topic-1-question-31/
32	66151	807274	/discussions/amazon/view/66151-exam-aws-certified-database-specialty-topic-1-question-32/
33	25605	807275	/discussions/amazon/view/25605-exam-aws-certified-database-specialty-topic-1-question-33/
34	25720	807276	/discussions/amazon/view/25720-exam-aws-certified-database-specialty-topic-1-question-34/
35	25721	807277	/discussions/amazon/view/25721-exam-aws-certified-database-specialty-topic-1-question-35/
36	25722	807278	/discussions/amazon/view/25722-exam-aws-certified-database-specialty-topic-1-question-36/
37	26355	807279	/discussions/amazon/view/26355-exam-aws-certified-database-specialty-topic-1-question-37/
38	25724	807280	/discussions/amazon/view/25724-exam-aws-certified-database-specialty-topic-1-question-38/
39	65852	807281	/discussions/amazon/view/65852-exam-aws-certified-database-specialty-topic-1-question-39/
40	25619	807282	/discussions/amazon/view/25619-exam-aws-certified-database-specialty-topic-1-question-40/
41	25680	807283	/discussions/amazon/view/25680-exam-aws-certified-database-specialty-topic-1-question-41/
42	26019	807284	/discussions/amazon/view/26019-exam-aws-certified-database-specialty-topic-1-question-42/
43	25820	807285	/discussions/amazon/view/25820-exam-aws-certified-database-specialty-topic-1-question-43/
44	67555	807286	/discussions/amazon/view/67555-exam-aws-certified-database-specialty-topic-1-question-44/
45	26361	807287	/discussions/amazon/view/26361-exam-aws-certified-database-specialty-topic-1-question-45/
46	68554	807288	/discussions/amazon/view/68554-exam-aws-certified-database-specialty-topic-1-question-46/
47	26022	807289	/discussions/amazon/view/26022-exam-aws-certified-database-specialty-topic-1-question-47/
48	26418	807290	/discussions/amazon/view/26418-exam-aws-certified-database-specialty-topic-1-question-48/
49	64810	807291	/discussions/amazon/view/64810-exam-aws-certified-database-specialty-topic-1-question-49/
50	25382	807292	/discussions/amazon/view/25382-exam-aws-certified-database-specialty-topic-1-question-50/
51	26423	807293	/discussions/amazon/view/26423-exam-aws-certified-database-specialty-topic-1-question-51/
52	67549	807294	/discussions/amazon/view/67549-exam-aws-certified-database-specialty-topic-1-question-52/
53	65859	807295	/discussions/amazon/view/65859-exam-aws-certified-database-specialty-topic-1-question-53/
54	25201	807296	/discussions/amazon/view/25201-exam-aws-certified-database-specialty-topic-1-question-54/
55	25202	807297	/discussions/amazon/view/25202-exam-aws-certified-database-specialty-topic-1-question-55/
56	65887	807298	/discussions/amazon/view/65887-exam-aws-certified-database-specialty-topic-1-question-56/
57	26760	807299	/discussions/amazon/view/26760-exam-aws-certified-database-specialty-topic-1-question-57/
58	25735	807300	/discussions/amazon/view/25735-exam-aws-certified-database-specialty-topic-1-question-58/
59	25738	807301	/discussions/amazon/view/25738-exam-aws-certified-database-specialty-topic-1-question-59/
60	65688	807302	/discussions/amazon/view/65688-exam-aws-certified-database-specialty-topic-1-question-60/
61	67116	807303	/discussions/amazon/view/67116-exam-aws-certified-database-specialty-topic-1-question-61/
62	27667	807304	/discussions/amazon/view/27667-exam-aws-certified-database-specialty-topic-1-question-62/
63	65905	807305	/discussions/amazon/view/65905-exam-aws-certified-database-specialty-topic-1-question-63/
64	26777	807306	/discussions/amazon/view/26777-exam-aws-certified-database-specialty-topic-1-question-64/
65	26594	807307	/discussions/amazon/view/26594-exam-aws-certified-database-specialty-topic-1-question-65/
66	26778	807308	/discussions/amazon/view/26778-exam-aws-certified-database-specialty-topic-1-question-66/
67	26925	807309	/discussions/amazon/view/26925-exam-aws-certified-database-specialty-topic-1-question-67/
68	26856	807310	/discussions/amazon/view/26856-exam-aws-certified-database-specialty-topic-1-question-68/
69	26780	807311	/discussions/amazon/view/26780-exam-aws-certified-database-specialty-topic-1-question-69/
70	25207	807312	/discussions/amazon/view/25207-exam-aws-certified-database-specialty-topic-1-question-70/
71	25623	807313	/discussions/amazon/view/25623-exam-aws-certified-database-specialty-topic-1-question-71/
72	26782	807314	/discussions/amazon/view/26782-exam-aws-certified-database-specialty-topic-1-question-72/
73	26783	807315	/discussions/amazon/view/26783-exam-aws-certified-database-specialty-topic-1-question-73/
74	26784	807316	/discussions/amazon/view/26784-exam-aws-certified-database-specialty-topic-1-question-74/
75	26802	807317	/discussions/amazon/view/26802-exam-aws-certified-database-specialty-topic-1-question-75/
76	25628	807318	/discussions/amazon/view/25628-exam-aws-certified-database-specialty-topic-1-question-76/
77	27045	807319	/discussions/amazon/view/27045-exam-aws-certified-database-specialty-topic-1-question-77/
78	26311	807320	/discussions/amazon/view/26311-exam-aws-certified-database-specialty-topic-1-question-78/
79	26024	807321	/discussions/amazon/view/26024-exam-aws-certified-database-specialty-topic-1-question-79/
80	25210	807322	/discussions/amazon/view/25210-exam-aws-certified-database-specialty-topic-1-question-80/
81	26312	807323	/discussions/amazon/view/26312-exam-aws-certified-database-specialty-topic-1-question-81/
82	27047	807324	/discussions/amazon/view/27047-exam-aws-certified-database-specialty-topic-1-question-82/
83	26804	807325	/discussions/amazon/view/26804-exam-aws-certified-database-specialty-topic-1-question-83/
84	25211	807326	/discussions/amazon/view/25211-exam-aws-certified-database-specialty-topic-1-question-84/
85	26224	807327	/discussions/amazon/view/26224-exam-aws-certified-database-specialty-topic-1-question-85/
86	48806	807328	/discussions/amazon/view/48806-exam-aws-certified-database-specialty-topic-1-question-86/
87	49114	807329	/discussions/amazon/view/49114-exam-aws-certified-database-specialty-topic-1-question-87/
88	48781	807330	/discussions/amazon/view/48781-exam-aws-certified-database-specialty-topic-1-question-88/
89	48680	807331	/discussions/amazon/view/48680-exam-aws-certified-database-specialty-topic-1-question-89/
90	48681	807332	/discussions/amazon/view/48681-exam-aws-certified-database-specialty-topic-1-question-90/
91	49602	807333	/discussions/amazon/view/49602-exam-aws-certified-database-specialty-topic-1-question-91/
92	48683	807334	/discussions/amazon/view/48683-exam-aws-certified-database-specialty-topic-1-question-92/
93	48684	807335	/discussions/amazon/view/48684-exam-aws-certified-database-specialty-topic-1-question-93/
94	48808	807336	/discussions/amazon/view/48808-exam-aws-certified-database-specialty-topic-1-question-94/
95	48686	807337	/discussions/amazon/view/48686-exam-aws-certified-database-specialty-topic-1-question-95/
96	48687	807338	/discussions/amazon/view/48687-exam-aws-certified-database-specialty-topic-1-question-96/
97	48688	807339	/discussions/amazon/view/48688-exam-aws-certified-database-specialty-topic-1-question-97/
98	49202	807340	/discussions/amazon/view/49202-exam-aws-certified-database-specialty-topic-1-question-98/
99	48689	807341	/discussions/amazon/view/48689-exam-aws-certified-database-specialty-topic-1-question-99/
100	48690	807342	/discussions/amazon/view/48690-exam-aws-certified-database-specialty-topic-1-question-100/
101	50908	807343	/discussions/amazon/view/50908-exam-aws-certified-database-specialty-topic-1-question-101/
102	49204	807344	/discussions/amazon/view/49204-exam-aws-certified-database-specialty-topic-1-question-102/
103	48997	807345	/discussions/amazon/view/48997-exam-aws-certified-database-specialty-topic-1-question-103/
104	49205	807346	/discussions/amazon/view/49205-exam-aws-certified-database-specialty-topic-1-question-104/
105	48811	807347	/discussions/amazon/view/48811-exam-aws-certified-database-specialty-topic-1-question-105/
106	49000	807348	/discussions/amazon/view/49000-exam-aws-certified-database-specialty-topic-1-question-106/
107	49001	807349	/discussions/amazon/view/49001-exam-aws-certified-database-specialty-topic-1-question-107/
108	48812	807350	/discussions/amazon/view/48812-exam-aws-certified-database-specialty-topic-1-question-108/
109	49002	807351	/discussions/amazon/view/49002-exam-aws-certified-database-specialty-topic-1-question-109/
110	48813	807352	/discussions/amazon/view/48813-exam-aws-certified-database-specialty-topic-1-question-110/
111	48814	807353	/discussions/amazon/view/48814-exam-aws-certified-database-specialty-topic-1-question-111/
112	48815	807354	/discussions/amazon/view/48815-exam-aws-certified-database-specialty-topic-1-question-112/
113	49004	807355	/discussions/amazon/view/49004-exam-aws-certified-database-specialty-topic-1-question-113/
114	48817	807356	/discussions/amazon/view/48817-exam-aws-certified-database-specialty-topic-1-question-114/
115	48820	807357	/discussions/amazon/view/48820-exam-aws-certified-database-specialty-topic-1-question-115/
116	49006	807358	/discussions/amazon/view/49006-exam-aws-certified-database-specialty-topic-1-question-116/
117	49605	807359	/discussions/amazon/view/49605-exam-aws-certified-database-specialty-topic-1-question-117/
118	49010	807360	/discussions/amazon/view/49010-exam-aws-certified-database-specialty-topic-1-question-118/
119	49005	807361	/discussions/amazon/view/49005-exam-aws-certified-database-specialty-topic-1-question-119/
120	49003	807362	/discussions/amazon/view/49003-exam-aws-certified-database-specialty-topic-1-question-120/
121	49606	807363	/discussions/amazon/view/49606-exam-aws-certified-database-specialty-topic-1-question-121/
122	49607	807364	/discussions/amazon/view/49607-exam-aws-certified-database-specialty-topic-1-question-122/
123	49014	807365	/discussions/amazon/view/49014-exam-aws-certified-database-specialty-topic-1-question-123/
124	48873	807366	/discussions/amazon/view/48873-exam-aws-certified-database-specialty-topic-1-question-124/
125	48822	807367	/discussions/amazon/view/48822-exam-aws-certified-database-specialty-topic-1-question-125/
126	49007	807368	/discussions/amazon/view/49007-exam-aws-certified-database-specialty-topic-1-question-126/
127	48823	807369	/discussions/amazon/view/48823-exam-aws-certified-database-specialty-topic-1-question-127/
128	48824	807370	/discussions/amazon/view/48824-exam-aws-certified-database-specialty-topic-1-question-128/
129	48874	807371	/discussions/amazon/view/48874-exam-aws-certified-database-specialty-topic-1-question-129/
130	49707	807372	/discussions/amazon/view/49707-exam-aws-certified-database-specialty-topic-1-question-130/
131	49008	807373	/discussions/amazon/view/49008-exam-aws-certified-database-specialty-topic-1-question-131/
132	49161	807374	/discussions/amazon/view/49161-exam-aws-certified-database-specialty-topic-1-question-132/
133	49011	807375	/discussions/amazon/view/49011-exam-aws-certified-database-specialty-topic-1-question-133/
134	49017	807376	/discussions/amazon/view/49017-exam-aws-certified-database-specialty-topic-1-question-134/
135	49012	807377	/discussions/amazon/view/49012-exam-aws-certified-database-specialty-topic-1-question-135/
136	48876	807378	/discussions/amazon/view/48876-exam-aws-certified-database-specialty-topic-1-question-136/
137	48845	807379	/discussions/amazon/view/48845-exam-aws-certified-database-specialty-topic-1-question-137/
138	49013	807380	/discussions/amazon/view/49013-exam-aws-certified-database-specialty-topic-1-question-138/
139	48844	807381	/discussions/amazon/view/48844-exam-aws-certified-database-specialty-topic-1-question-139/
140	48843	807382	/discussions/amazon/view/48843-exam-aws-certified-database-specialty-topic-1-question-140/
141	78766	807383	/discussions/amazon/view/78766-exam-aws-certified-database-specialty-topic-1-question-141/
142	48841	807384	/discussions/amazon/view/48841-exam-aws-certified-database-specialty-topic-1-question-142/
143	48840	807385	/discussions/amazon/view/48840-exam-aws-certified-database-specialty-topic-1-question-143/
144	48839	807386	/discussions/amazon/view/48839-exam-aws-certified-database-specialty-topic-1-question-144/
145	48838	807387	/discussions/amazon/view/48838-exam-aws-certified-database-specialty-topic-1-question-145/
146	64693	807388	/discussions/amazon/view/64693-exam-aws-certified-database-specialty-topic-1-question-146/
147	64692	807389	/discussions/amazon/view/64692-exam-aws-certified-database-specialty-topic-1-question-147/
148	65860	807390	/discussions/amazon/view/65860-exam-aws-certified-database-specialty-topic-1-question-148/
149	65970	807391	/discussions/amazon/view/65970-exam-aws-certified-database-specialty-topic-1-question-149/
150	65935	807392	/discussions/amazon/view/65935-exam-aws-certified-database-specialty-topic-1-question-150/
151	65971	807393	/discussions/amazon/view/65971-exam-aws-certified-database-specialty-topic-1-question-151/
152	66017	807394	/discussions/amazon/view/66017-exam-aws-certified-database-specialty-topic-1-question-152/
153	66079	807395	/discussions/amazon/view/66079-exam-aws-certified-database-specialty-topic-1-question-153/
154	66501	807396	/discussions/amazon/view/66501-exam-aws-certified-database-specialty-topic-1-question-154/
155	65689	807397	/discussions/amazon/view/65689-exam-aws-certified-database-specialty-topic-1-question-155/
156	66370	807398	/discussions/amazon/view/66370-exam-aws-certified-database-specialty-topic-1-question-156/
157	65738	807399	/discussions/amazon/view/65738-exam-aws-certified-database-specialty-topic-1-question-157/
158	66993	807400	/discussions/amazon/view/66993-exam-aws-certified-database-specialty-topic-1-question-158/
159	67696	807401	/discussions/amazon/view/67696-exam-aws-certified-database-specialty-topic-1-question-159/
160	65891	807402	/discussions/amazon/view/65891-exam-aws-certified-database-specialty-topic-1-question-160/
161	66266	807403	/discussions/amazon/view/66266-exam-aws-certified-database-specialty-topic-1-question-161/
162	65925	807404	/discussions/amazon/view/65925-exam-aws-certified-database-specialty-topic-1-question-162/
163	68497	807405	/discussions/amazon/view/68497-exam-aws-certified-database-specialty-topic-1-question-163/
164	65816	807406	/discussions/amazon/view/65816-exam-aws-certified-database-specialty-topic-1-question-164/
165	66015	807407	/discussions/amazon/view/66015-exam-aws-certified-database-specialty-topic-1-question-165/
166	67108	807408	/discussions/amazon/view/67108-exam-aws-certified-database-specialty-topic-1-question-166/
167	66483	807409	/discussions/amazon/view/66483-exam-aws-certified-database-specialty-topic-1-question-167/
168	68542	807410	/discussions/amazon/view/68542-exam-aws-certified-database-specialty-topic-1-question-168/
169	65739	807411	/discussions/amazon/view/65739-exam-aws-certified-database-specialty-topic-1-question-169/
170	65890	807412	/discussions/amazon/view/65890-exam-aws-certified-database-specialty-topic-1-question-170/
171	65814	807413	/discussions/amazon/view/65814-exam-aws-certified-database-specialty-topic-1-question-171/
172	65815	807414	/discussions/amazon/view/65815-exam-aws-certified-database-specialty-topic-1-question-172/
173	66628	807415	/discussions/amazon/view/66628-exam-aws-certified-database-specialty-topic-1-question-173/
174	66252	807416	/discussions/amazon/view/66252-exam-aws-certified-database-specialty-topic-1-question-174/
175	65861	807417	/discussions/amazon/view/65861-exam-aws-certified-database-specialty-topic-1-question-175/
176	67082	807418	/discussions/amazon/view/67082-exam-aws-certified-database-specialty-topic-1-question-176/
177	67569	807419	/discussions/amazon/view/67569-exam-aws-certified-database-specialty-topic-1-question-177/
178	65858	807420	/discussions/amazon/view/65858-exam-aws-certified-database-specialty-topic-1-question-178/
179	66480	807421	/discussions/amazon/view/66480-exam-aws-certified-database-specialty-topic-1-question-179/
180	67242	807422	/discussions/amazon/view/67242-exam-aws-certified-database-specialty-topic-1-question-180/
181	66035	807423	/discussions/amazon/view/66035-exam-aws-certified-database-specialty-topic-1-question-181/
182	66371	807424	/discussions/amazon/view/66371-exam-aws-certified-database-specialty-topic-1-question-182/
183	65834	807425	/discussions/amazon/view/65834-exam-aws-certified-database-specialty-topic-1-question-183/
184	65888	807426	/discussions/amazon/view/65888-exam-aws-certified-database-specialty-topic-1-question-184/
185	66062	807427	/discussions/amazon/view/66062-exam-aws-certified-database-specialty-topic-1-question-185/
186	79511	807428	/discussions/amazon/view/79511-exam-aws-certified-database-specialty-topic-1-question-186/
187	79512	807429	/discussions/amazon/view/79512-exam-aws-certified-database-specialty-topic-1-question-187/
188	79663	807430	/discussions/amazon/view/79663-exam-aws-certified-database-specialty-topic-1-question-188/
189	79668	807431	/discussions/amazon/view/79668-exam-aws-certified-database-specialty-topic-1-question-189/
190	79669	807432	/discussions/amazon/view/79669-exam-aws-certified-database-specialty-topic-1-question-190/
191	79691	807433	/discussions/amazon/view/79691-exam-aws-certified-database-specialty-topic-1-question-191/
192	79692	807434	/discussions/amazon/view/79692-exam-aws-certified-database-specialty-topic-1-question-192/
193	79693	807435	/discussions/amazon/view/79693-exam-aws-certified-database-specialty-topic-1-question-193/
194	79712	807436	/discussions/amazon/view/79712-exam-aws-certified-database-specialty-topic-1-question-194/
195	79715	807437	/discussions/amazon/view/79715-exam-aws-certified-database-specialty-topic-1-question-195/
196	79720	807438	/discussions/amazon/view/79720-exam-aws-certified-database-specialty-topic-1-question-196/
197	79856	807439	/discussions/amazon/view/79856-exam-aws-certified-database-specialty-topic-1-question-197/
198	79857	807440	/discussions/amazon/view/79857-exam-aws-certified-database-specialty-topic-1-question-198/
199	79865	807441	/discussions/amazon/view/79865-exam-aws-certified-database-specialty-topic-1-question-199/
200	79871	807442	/discussions/amazon/view/79871-exam-aws-certified-database-specialty-topic-1-question-200/
201	79881	807443	/discussions/amazon/view/79881-exam-aws-certified-database-specialty-topic-1-question-201/
202	79883	807444	/discussions/amazon/view/79883-exam-aws-certified-database-specialty-topic-1-question-202/
203	79885	807445	/discussions/amazon/view/79885-exam-aws-certified-database-specialty-topic-1-question-203/
204	79939	807446	/discussions/amazon/view/79939-exam-aws-certified-database-specialty-topic-1-question-204/
205	79941	807447	/discussions/amazon/view/79941-exam-aws-certified-database-specialty-topic-1-question-205/
206	80194	807448	/discussions/amazon/view/80194-exam-aws-certified-database-specialty-topic-1-question-206/
207	80196	807449	/discussions/amazon/view/80196-exam-aws-certified-database-specialty-topic-1-question-207/
208	80197	807450	/discussions/amazon/view/80197-exam-aws-certified-database-specialty-topic-1-question-208/
209	80198	807451	/discussions/amazon/view/80198-exam-aws-certified-database-specialty-topic-1-question-209/
210	80200	807452	/discussions/amazon/view/80200-exam-aws-certified-database-specialty-topic-1-question-210/
211	80201	807453	/discussions/amazon/view/80201-exam-aws-certified-database-specialty-topic-1-question-211/
212	80202	807454	/discussions/amazon/view/80202-exam-aws-certified-database-specialty-topic-1-question-212/
213	80203	807455	/discussions/amazon/view/80203-exam-aws-certified-database-specialty-topic-1-question-213/
214	80205	807456	/discussions/amazon/view/80205-exam-aws-certified-database-specialty-topic-1-question-214/
215	80206	807457	/discussions/amazon/view/80206-exam-aws-certified-database-specialty-topic-1-question-215/
216	80210	807458	/discussions/amazon/view/80210-exam-aws-certified-database-specialty-topic-1-question-216/
217	80207	807459	/discussions/amazon/view/80207-exam-aws-certified-database-specialty-topic-1-question-217/
218	80220	807460	/discussions/amazon/view/80220-exam-aws-certified-database-specialty-topic-1-question-218/
219	80221	807461	/discussions/amazon/view/80221-exam-aws-certified-database-specialty-topic-1-question-219/
220	80225	807462	/discussions/amazon/view/80225-exam-aws-certified-database-specialty-topic-1-question-220/
221	80224	807463	/discussions/amazon/view/80224-exam-aws-certified-database-specialty-topic-1-question-221/
222	80227	807464	/discussions/amazon/view/80227-exam-aws-certified-database-specialty-topic-1-question-222/
223	80229	807465	/discussions/amazon/view/80229-exam-aws-certified-database-specialty-topic-1-question-223/
224	80230	807466	/discussions/amazon/view/80230-exam-aws-certified-database-specialty-topic-1-question-224/
225	80232	807467	/discussions/amazon/view/80232-exam-aws-certified-database-specialty-topic-1-question-225/
226	80233	807468	/discussions/amazon/view/80233-exam-aws-certified-database-specialty-topic-1-question-226/
227	80240	807469	/discussions/amazon/view/80240-exam-aws-certified-database-specialty-topic-1-question-227/
228	80241	807470	/discussions/amazon/view/80241-exam-aws-certified-database-specialty-topic-1-question-228/
229	80243	807471	/discussions/amazon/view/80243-exam-aws-certified-database-specialty-topic-1-question-229/
230	80245	807472	/discussions/amazon/view/80245-exam-aws-certified-database-specialty-topic-1-question-230/
231	80836	807473	/discussions/amazon/view/80836-exam-aws-certified-database-specialty-topic-1-question-231/
232	80837	807474	/discussions/amazon/view/80837-exam-aws-certified-database-specialty-topic-1-question-232/
233	80838	807475	/discussions/amazon/view/80838-exam-aws-certified-database-specialty-topic-1-question-233/
234	80839	807476	/discussions/amazon/view/80839-exam-aws-certified-database-specialty-topic-1-question-234/
235	80849	807477	/discussions/amazon/view/80849-exam-aws-certified-database-specialty-topic-1-question-235/
236	80851	807478	/discussions/amazon/view/80851-exam-aws-certified-database-specialty-topic-1-question-236/
237	80852	807479	/discussions/amazon/view/80852-exam-aws-certified-database-specialty-topic-1-question-237/
238	80854	807480	/discussions/amazon/view/80854-exam-aws-certified-database-specialty-topic-1-question-238/
239	80855	807481	/discussions/amazon/view/80855-exam-aws-certified-database-specialty-topic-1-question-239/
240	80857	807482	/discussions/amazon/view/80857-exam-aws-certified-database-specialty-topic-1-question-240/
241	80858	807483	/discussions/amazon/view/80858-exam-aws-certified-database-specialty-topic-1-question-241/
242	80861	807484	/discussions/amazon/view/80861-exam-aws-certified-database-specialty-topic-1-question-242/
243	80863	807485	/discussions/amazon/view/80863-exam-aws-certified-database-specialty-topic-1-question-1/
244	80864	807486	/discussions/amazon/view/80864-exam-aws-certified-database-specialty-topic-1-question-244/
245	80875	807487	/discussions/amazon/view/80875-exam-aws-certified-database-specialty-topic-1-question-245/
246	80876	807488	/discussions/amazon/view/80876-exam-aws-certified-database-specialty-topic-1-question-246/
247	80879	807489	/discussions/amazon/view/80879-exam-aws-certified-database-specialty-topic-1-question-247/
248	80880	807490	/discussions/amazon/view/80880-exam-aws-certified-database-specialty-topic-1-question-248/
249	80882	807491	/discussions/amazon/view/80882-exam-aws-certified-database-specialty-topic-1-question-249/
250	81106	807492	/discussions/amazon/view/81106-exam-aws-certified-database-specialty-topic-1-question-250/
251	81107	807493	/discussions/amazon/view/81107-exam-aws-certified-database-specialty-topic-1-question-251/
252	81109	807494	/discussions/amazon/view/81109-exam-aws-certified-database-specialty-topic-1-question-252/
253	81110	807495	/discussions/amazon/view/81110-exam-aws-certified-database-specialty-topic-1-question-253/
254	81113	807496	/discussions/amazon/view/81113-exam-aws-certified-database-specialty-topic-1-question-254/
255	81114	807497	/discussions/amazon/view/81114-exam-aws-certified-database-specialty-topic-1-question-255/
256	81143	807498	/discussions/amazon/view/81143-exam-aws-certified-database-specialty-topic-1-question-256/
257	81449	807499	/discussions/amazon/view/81449-exam-aws-certified-database-specialty-topic-1-question-257/
258	81144	807500	/discussions/amazon/view/81144-exam-aws-certified-database-specialty-topic-1-question-258/
259	89714	853671	/discussions/amazon/view/89714-exam-aws-certified-database-specialty-topic-1-question-1/
260	89715	853672	/discussions/amazon/view/89715-exam-aws-certified-database-specialty-topic-1-question-260/
261	89457	853673	/discussions/amazon/view/89457-exam-aws-certified-database-specialty-topic-1-question-261/
262	90154	853674	/discussions/amazon/view/90154-exam-aws-certified-database-specialty-topic-1-question-262/
263	89459	853675	/discussions/amazon/view/89459-exam-aws-certified-database-specialty-topic-1-question-263/
264	89461	853676	/discussions/amazon/view/89461-exam-aws-certified-database-specialty-topic-1-question-264/
265	89462	853677	/discussions/amazon/view/89462-exam-aws-certified-database-specialty-topic-1-question-265/
266	89463	853678	/discussions/amazon/view/89463-exam-aws-certified-database-specialty-topic-1-question-266/
267	89464	853679	/discussions/amazon/view/89464-exam-aws-certified-database-specialty-topic-1-question-267/
268	90144	853680	/discussions/amazon/view/90144-exam-aws-certified-database-specialty-topic-1-question-268/
269	90812	853681	/discussions/amazon/view/90812-exam-aws-certified-database-specialty-topic-1-question-269/
270	89467	853682	/discussions/amazon/view/89467-exam-aws-certified-database-specialty-topic-1-question-270/
271	91120	853683	/discussions/amazon/view/91120-exam-aws-certified-database-specialty-topic-1-question-271/
272	89480	853684	/discussions/amazon/view/89480-exam-aws-certified-database-specialty-topic-1-question-272/
273	89703	853685	/discussions/amazon/view/89703-exam-aws-certified-database-specialty-topic-1-question-273/
274	90979	853686	/discussions/amazon/view/90979-exam-aws-certified-database-specialty-topic-1-question-274/
275	89481	853687	/discussions/amazon/view/89481-exam-aws-certified-database-specialty-topic-1-question-275/
276	90980	853688	/discussions/amazon/view/90980-exam-aws-certified-database-specialty-topic-1-question-276/
277	89482	853689	/discussions/amazon/view/89482-exam-aws-certified-database-specialty-topic-1-question-277/
278	89484	853690	/discussions/amazon/view/89484-exam-aws-certified-database-specialty-topic-1-question-278/
279	89425	853691	/discussions/amazon/view/89425-exam-aws-certified-database-specialty-topic-1-question-1/
280	89704	853692	/discussions/amazon/view/89704-exam-aws-certified-database-specialty-topic-1-question-280/
281	90820	853693	/discussions/amazon/view/90820-exam-aws-certified-database-specialty-topic-1-question-281/
282	89489	853694	/discussions/amazon/view/89489-exam-aws-certified-database-specialty-topic-1-question-282/
283	104510	875965	/discussions/amazon/view/104510-exam-aws-certified-database-specialty-topic-1-question-283/
284	103811	875966	/discussions/amazon/view/103811-exam-aws-certified-database-specialty-topic-1-question-284/
285	103962	875967	/discussions/amazon/view/103962-exam-aws-certified-database-specialty-topic-1-question-285/
286	103963	875968	/discussions/amazon/view/103963-exam-aws-certified-database-specialty-topic-1-question-286/
287	103964	875969	/discussions/amazon/view/103964-exam-aws-certified-database-specialty-topic-1-question-287/
288	104401	875970	/discussions/amazon/view/104401-exam-aws-certified-database-specialty-topic-1-question-288/
289	103965	875971	/discussions/amazon/view/103965-exam-aws-certified-database-specialty-topic-1-question-289/
290	103967	875972	/discussions/amazon/view/103967-exam-aws-certified-database-specialty-topic-1-question-290/
291	103968	875973	/discussions/amazon/view/103968-exam-aws-certified-database-specialty-topic-1-question-291/
292	103971	875974	/discussions/amazon/view/103971-exam-aws-certified-database-specialty-topic-1-question-292/
293	103972	875975	/discussions/amazon/view/103972-exam-aws-certified-database-specialty-topic-1-question-293/
294	103973	875976	/discussions/amazon/view/103973-exam-aws-certified-database-specialty-topic-1-question-294/
295	103975	875977	/discussions/amazon/view/103975-exam-aws-certified-database-specialty-topic-1-question-295/
296	103976	875978	/discussions/amazon/view/103976-exam-aws-certified-database-specialty-topic-1-question-296/
297	103977	875979	/discussions/amazon/view/103977-exam-aws-certified-database-specialty-topic-1-question-297/
298	103979	875980	/discussions/amazon/view/103979-exam-aws-certified-database-specialty-topic-1-question-298/
299	103980	875981	/discussions/amazon/view/103980-exam-aws-certified-database-specialty-topic-1-question-299/
300	103981	875982	/discussions/amazon/view/103981-exam-aws-certified-database-specialty-topic-1-question-300/
301	104407	875983	/discussions/amazon/view/104407-exam-aws-certified-database-specialty-topic-1-question-301/
302	103989	875984	/discussions/amazon/view/103989-exam-aws-certified-database-specialty-topic-1-question-302/
303	103986	875985	/discussions/amazon/view/103986-exam-aws-certified-database-specialty-topic-1-question-303/
304	103984	875986	/discussions/amazon/view/103984-exam-aws-certified-database-specialty-topic-1-question-304/
305	103654	875987	/discussions/amazon/view/103654-exam-aws-certified-database-specialty-topic-1-question-305/
306	115124	891183	/discussions/amazon/view/115124-exam-aws-certified-database-specialty-topic-1-question-306/
307	115126	891184	/discussions/amazon/view/115126-exam-aws-certified-database-specialty-topic-1-question-1/
308	115086	891185	/discussions/amazon/view/115086-exam-aws-certified-database-specialty-topic-1-question-308/
309	115087	891186	/discussions/amazon/view/115087-exam-aws-certified-database-specialty-topic-1-question-309/
310	115088	891187	/discussions/amazon/view/115088-exam-aws-certified-database-specialty-topic-1-question-310/
311	115089	891188	/discussions/amazon/view/115089-exam-aws-certified-database-specialty-topic-1-question-311/
312	115090	891189	/discussions/amazon/view/115090-exam-aws-certified-database-specialty-topic-1-question-312/
313	115091	891190	/discussions/amazon/view/115091-exam-aws-certified-database-specialty-topic-1-question-313/
314	115093	891191	/discussions/amazon/view/115093-exam-aws-certified-database-specialty-topic-1-question-314/
315	115095	891192	/discussions/amazon/view/115095-exam-aws-certified-database-specialty-topic-1-question-315/
316	115096	891193	/discussions/amazon/view/115096-exam-aws-certified-database-specialty-topic-1-question-316/
317	115097	891194	/discussions/amazon/view/115097-exam-aws-certified-database-specialty-topic-1-question-317/
318	115098	891195	/discussions/amazon/view/115098-exam-aws-certified-database-specialty-topic-1-question-318/
319	115099	891196	/discussions/amazon/view/115099-exam-aws-certified-database-specialty-topic-1-question-319/
320	115100	891197	/discussions/amazon/view/115100-exam-aws-certified-database-specialty-topic-1-question-320/
321	115101	891198	/discussions/amazon/view/115101-exam-aws-certified-database-specialty-topic-1-question-321/
322	115102	891199	/discussions/amazon/view/115102-exam-aws-certified-database-specialty-topic-1-question-322/
323	115103	891200	/discussions/amazon/view/115103-exam-aws-certified-database-specialty-topic-1-question-323/
324	115104	891201	/discussions/amazon/view/115104-exam-aws-certified-database-specialty-topic-1-question-324/
325	115105	891202	/discussions/amazon/view/115105-exam-aws-certified-database-specialty-topic-1-question-325/
326	115106	891203	/discussions/amazon/view/115106-exam-aws-certified-database-specialty-topic-1-question-326/
327	115107	891204	/discussions/amazon/view/115107-exam-aws-certified-database-specialty-topic-1-question-327/
