1	78546	807501	/discussions/amazon/view/78546-exam-aws-certified-developer-associate-topic-1-question-1/
2	78706	807502	/discussions/amazon/view/78706-exam-aws-certified-developer-associate-topic-1-question-2/
3	78711	807503	/discussions/amazon/view/78711-exam-aws-certified-developer-associate-topic-1-question-3/
4	78869	807504	/discussions/amazon/view/78869-exam-aws-certified-developer-associate-topic-1-question-4/
5	78728	807505	/discussions/amazon/view/78728-exam-aws-certified-developer-associate-topic-1-question-5/
6	79417	807506	/discussions/amazon/view/79417-exam-aws-certified-developer-associate-topic-1-question-6/
7	78871	807507	/discussions/amazon/view/78871-exam-aws-certified-developer-associate-topic-1-question-7/
8	78872	807508	/discussions/amazon/view/78872-exam-aws-certified-developer-associate-topic-1-question-8/
9	78944	807509	/discussions/amazon/view/78944-exam-aws-certified-developer-associate-topic-1-question-9/
10	79694	807510	/discussions/amazon/view/79694-exam-aws-certified-developer-associate-topic-1-question-10/
11	79002	807511	/discussions/amazon/view/79002-exam-aws-certified-developer-associate-topic-1-question-11/
12	79009	807512	/discussions/amazon/view/79009-exam-aws-certified-developer-associate-topic-1-question-12/
13	79516	807513	/discussions/amazon/view/79516-exam-aws-certified-developer-associate-topic-1-question-13/
14	79519	807514	/discussions/amazon/view/79519-exam-aws-certified-developer-associate-topic-1-question-14/
15	79050	807515	/discussions/amazon/view/79050-exam-aws-certified-developer-associate-topic-1-question-15/
16	79705	807516	/discussions/amazon/view/79705-exam-aws-certified-developer-associate-topic-1-question-16/
17	79709	807517	/discussions/amazon/view/79709-exam-aws-certified-developer-associate-topic-1-question-17/
18	79714	807518	/discussions/amazon/view/79714-exam-aws-certified-developer-associate-topic-1-question-18/
19	79716	807519	/discussions/amazon/view/79716-exam-aws-certified-developer-associate-topic-1-question-19/
20	79205	807520	/discussions/amazon/view/79205-exam-aws-certified-developer-associate-topic-1-question-20/
21	79721	807521	/discussions/amazon/view/79721-exam-aws-certified-developer-associate-topic-1-question-21/
22	78784	807522	/discussions/amazon/view/78784-exam-aws-certified-developer-associate-topic-1-question-22/
23	78943	807523	/discussions/amazon/view/78943-exam-aws-certified-developer-associate-topic-1-question-23/
24	79664	807524	/discussions/amazon/view/79664-exam-aws-certified-developer-associate-topic-1-question-24/
25	79670	807525	/discussions/amazon/view/79670-exam-aws-certified-developer-associate-topic-1-question-25/
26	29007	807526	/discussions/amazon/view/29007-exam-aws-certified-developer-associate-topic-1-question-26/
27	33716	807527	/discussions/amazon/view/33716-exam-aws-certified-developer-associate-topic-1-question-27/
28	8982	807528	/discussions/amazon/view/8982-exam-aws-certified-developer-associate-topic-1-question-28/
29	5480	807529	/discussions/amazon/view/5480-exam-aws-certified-developer-associate-topic-1-question-29/
30	28431	807530	/discussions/amazon/view/28431-exam-aws-certified-developer-associate-topic-1-question-30/
31	28267	807531	/discussions/amazon/view/28267-exam-aws-certified-developer-associate-topic-1-question-31/
32	28658	807532	/discussions/amazon/view/28658-exam-aws-certified-developer-associate-topic-1-question-32/
33	28959	807533	/discussions/amazon/view/28959-exam-aws-certified-developer-associate-topic-1-question-33/
34	79665	807534	/discussions/amazon/view/79665-exam-aws-certified-developer-associate-topic-1-question-34/
35	4365	807535	/discussions/amazon/view/4365-exam-aws-certified-developer-associate-topic-1-question-35/
36	6077	807536	/discussions/amazon/view/6077-exam-aws-certified-developer-associate-topic-1-question-36/
37	79673	807537	/discussions/amazon/view/79673-exam-aws-certified-developer-associate-topic-1-question-37/
38	9624	807538	/discussions/amazon/view/9624-exam-aws-certified-developer-associate-topic-1-question-38/
39	79288	807539	/discussions/amazon/view/79288-exam-aws-certified-developer-associate-topic-1-question-39/
40	6437	807540	/discussions/amazon/view/6437-exam-aws-certified-developer-associate-topic-1-question-40/
41	4222	807541	/discussions/amazon/view/4222-exam-aws-certified-developer-associate-topic-1-question-41/
42	28287	807542	/discussions/amazon/view/28287-exam-aws-certified-developer-associate-topic-1-question-42/
43	28430	807543	/discussions/amazon/view/28430-exam-aws-certified-developer-associate-topic-1-question-43/
44	51599	807544	/discussions/amazon/view/51599-exam-aws-certified-developer-associate-topic-1-question-44/
45	10038	807545	/discussions/amazon/view/10038-exam-aws-certified-developer-associate-topic-1-question-45/
46	33719	807546	/discussions/amazon/view/33719-exam-aws-certified-developer-associate-topic-1-question-46/
47	5806	807547	/discussions/amazon/view/5806-exam-aws-certified-developer-associate-topic-1-question-47/
48	33718	807548	/discussions/amazon/view/33718-exam-aws-certified-developer-associate-topic-1-question-48/
49	7664	807549	/discussions/amazon/view/7664-exam-aws-certified-developer-associate-topic-1-question-49/
50	79802	807550	/discussions/amazon/view/79802-exam-aws-certified-developer-associate-topic-1-question-50/
51	28762	807551	/discussions/amazon/view/28762-exam-aws-certified-developer-associate-topic-1-question-51/
52	4367	807552	/discussions/amazon/view/4367-exam-aws-certified-developer-associate-topic-1-question-52/
53	69265	807553	/discussions/amazon/view/69265-exam-aws-certified-developer-associate-topic-1-question-53/
54	28492	807554	/discussions/amazon/view/28492-exam-aws-certified-developer-associate-topic-1-question-54/
55	7320	807555	/discussions/amazon/view/7320-exam-aws-certified-developer-associate-topic-1-question-55/
56	9634	807556	/discussions/amazon/view/9634-exam-aws-certified-developer-associate-topic-1-question-56/
57	69114	807557	/discussions/amazon/view/69114-exam-aws-certified-developer-associate-topic-1-question-57/
58	5462	807558	/discussions/amazon/view/5462-exam-aws-certified-developer-associate-topic-1-question-58/
59	69081	807559	/discussions/amazon/view/69081-exam-aws-certified-developer-associate-topic-1-question-59/
60	79806	807560	/discussions/amazon/view/79806-exam-aws-certified-developer-associate-topic-1-question-60/
61	78629	807561	/discussions/amazon/view/78629-exam-aws-certified-developer-associate-topic-1-question-61/
62	78861	807562	/discussions/amazon/view/78861-exam-aws-certified-developer-associate-topic-1-question-62/
63	78860	807563	/discussions/amazon/view/78860-exam-aws-certified-developer-associate-topic-1-question-63/
64	78859	807564	/discussions/amazon/view/78859-exam-aws-certified-developer-associate-topic-1-question-64/
65	78854	807565	/discussions/amazon/view/78854-exam-aws-certified-developer-associate-topic-1-question-65/
66	79058	807566	/discussions/amazon/view/79058-exam-aws-certified-developer-associate-topic-1-question-66/
67	69143	807567	/discussions/amazon/view/69143-exam-aws-certified-developer-associate-topic-1-question-67/
68	78414	807568	/discussions/amazon/view/78414-exam-aws-certified-developer-associate-topic-1-question-68/
69	78851	807569	/discussions/amazon/view/78851-exam-aws-certified-developer-associate-topic-1-question-69/
70	79983	807570	/discussions/amazon/view/79983-exam-aws-certified-developer-associate-topic-1-question-70/
71	79056	807571	/discussions/amazon/view/79056-exam-aws-certified-developer-associate-topic-1-question-71/
72	68868	807572	/discussions/amazon/view/68868-exam-aws-certified-developer-associate-topic-1-question-72/
73	78768	807573	/discussions/amazon/view/78768-exam-aws-certified-developer-associate-topic-1-question-73/
74	79292	807574	/discussions/amazon/view/79292-exam-aws-certified-developer-associate-topic-1-question-74/
75	79625	807575	/discussions/amazon/view/79625-exam-aws-certified-developer-associate-topic-1-question-75/
76	79072	807576	/discussions/amazon/view/79072-exam-aws-certified-developer-associate-topic-1-question-76/
77	82479	807577	/discussions/amazon/view/82479-exam-aws-certified-developer-associate-topic-1-question-77/
78	79556	807578	/discussions/amazon/view/79556-exam-aws-certified-developer-associate-topic-1-question-78/
79	4245	807579	/discussions/amazon/view/4245-exam-aws-certified-developer-associate-topic-1-question-79/
80	79159	807580	/discussions/amazon/view/79159-exam-aws-certified-developer-associate-topic-1-question-80/
81	79628	807581	/discussions/amazon/view/79628-exam-aws-certified-developer-associate-topic-1-question-81/
82	79629	807582	/discussions/amazon/view/79629-exam-aws-certified-developer-associate-topic-1-question-82/
83	79075	807583	/discussions/amazon/view/79075-exam-aws-certified-developer-associate-topic-1-question-83/
84	79024	807584	/discussions/amazon/view/79024-exam-aws-certified-developer-associate-topic-1-question-84/
85	82655	807585	/discussions/amazon/view/82655-exam-aws-certified-developer-associate-topic-1-question-85/
86	78780	807586	/discussions/amazon/view/78780-exam-aws-certified-developer-associate-topic-1-question-86/
87	78781	807587	/discussions/amazon/view/78781-exam-aws-certified-developer-associate-topic-1-question-87/
88	78782	807588	/discussions/amazon/view/78782-exam-aws-certified-developer-associate-topic-1-question-88/
89	4290	807589	/discussions/amazon/view/4290-exam-aws-certified-developer-associate-topic-1-question-89/
90	28957	807590	/discussions/amazon/view/28957-exam-aws-certified-developer-associate-topic-1-question-90/
91	82148	807591	/discussions/amazon/view/82148-exam-aws-certified-developer-associate-topic-1-question-91/
92	5921	807592	/discussions/amazon/view/5921-exam-aws-certified-developer-associate-topic-1-question-92/
93	69149	807593	/discussions/amazon/view/69149-exam-aws-certified-developer-associate-topic-1-question-93/
94	79079	807594	/discussions/amazon/view/79079-exam-aws-certified-developer-associate-topic-1-question-94/
95	82917	807595	/discussions/amazon/view/82917-exam-aws-certified-developer-associate-topic-1-question-95/
96	79727	807596	/discussions/amazon/view/79727-exam-aws-certified-developer-associate-topic-1-question-96/
97	5283	807597	/discussions/amazon/view/5283-exam-aws-certified-developer-associate-topic-1-question-97/
98	28954	807598	/discussions/amazon/view/28954-exam-aws-certified-developer-associate-topic-1-question-98/
99	5287	807599	/discussions/amazon/view/5287-exam-aws-certified-developer-associate-topic-1-question-99/
100	79731	807600	/discussions/amazon/view/79731-exam-aws-certified-developer-associate-topic-1-question-100/
101	69125	807601	/discussions/amazon/view/69125-exam-aws-certified-developer-associate-topic-1-question-101/
102	79379	807602	/discussions/amazon/view/79379-exam-aws-certified-developer-associate-topic-1-question-102/
103	28018	807603	/discussions/amazon/view/28018-exam-aws-certified-developer-associate-topic-1-question-103/
104	78789	807604	/discussions/amazon/view/78789-exam-aws-certified-developer-associate-topic-1-question-104/
105	69141	807605	/discussions/amazon/view/69141-exam-aws-certified-developer-associate-topic-1-question-105/
106	82953	807606	/discussions/amazon/view/82953-exam-aws-certified-developer-associate-topic-1-question-106/
107	51331	807607	/discussions/amazon/view/51331-exam-aws-certified-developer-associate-topic-1-question-107/
108	28795	807608	/discussions/amazon/view/28795-exam-aws-certified-developer-associate-topic-1-question-108/
109	78790	807609	/discussions/amazon/view/78790-exam-aws-certified-developer-associate-topic-1-question-109/
110	68894	807610	/discussions/amazon/view/68894-exam-aws-certified-developer-associate-topic-1-question-110/
111	8791	807611	/discussions/amazon/view/8791-exam-aws-certified-developer-associate-topic-1-question-111/
112	28319	807612	/discussions/amazon/view/28319-exam-aws-certified-developer-associate-topic-1-question-112/
113	82920	807613	/discussions/amazon/view/82920-exam-aws-certified-developer-associate-topic-1-question-113/
114	68772	807614	/discussions/amazon/view/68772-exam-aws-certified-developer-associate-topic-1-question-114/
115	68871	807615	/discussions/amazon/view/68871-exam-aws-certified-developer-associate-topic-1-question-115/
116	78791	807616	/discussions/amazon/view/78791-exam-aws-certified-developer-associate-topic-1-question-116/
117	69263	807617	/discussions/amazon/view/69263-exam-aws-certified-developer-associate-topic-1-question-117/
118	78848	807618	/discussions/amazon/view/78848-exam-aws-certified-developer-associate-topic-1-question-118/
119	69877	807619	/discussions/amazon/view/69877-exam-aws-certified-developer-associate-topic-1-question-119/
120	78793	807620	/discussions/amazon/view/78793-exam-aws-certified-developer-associate-topic-1-question-120/
121	78794	807621	/discussions/amazon/view/78794-exam-aws-certified-developer-associate-topic-1-question-121/
122	68844	807622	/discussions/amazon/view/68844-exam-aws-certified-developer-associate-topic-1-question-122/
123	5402	807623	/discussions/amazon/view/5402-exam-aws-certified-developer-associate-topic-1-question-123/
124	28437	807624	/discussions/amazon/view/28437-exam-aws-certified-developer-associate-topic-1-question-124/
125	82694	807625	/discussions/amazon/view/82694-exam-aws-certified-developer-associate-topic-1-question-125/
126	4139	807626	/discussions/amazon/view/4139-exam-aws-certified-developer-associate-topic-1-question-126/
127	78956	807627	/discussions/amazon/view/78956-exam-aws-certified-developer-associate-topic-1-question-127/
128	78802	807628	/discussions/amazon/view/78802-exam-aws-certified-developer-associate-topic-1-question-128/
129	5401	807629	/discussions/amazon/view/5401-exam-aws-certified-developer-associate-topic-1-question-129/
130	82927	807630	/discussions/amazon/view/82927-exam-aws-certified-developer-associate-topic-1-question-130/
131	78806	807631	/discussions/amazon/view/78806-exam-aws-certified-developer-associate-topic-1-question-131/
132	28438	807632	/discussions/amazon/view/28438-exam-aws-certified-developer-associate-topic-1-question-132/
133	78807	807633	/discussions/amazon/view/78807-exam-aws-certified-developer-associate-topic-1-question-133/
134	78839	807634	/discussions/amazon/view/78839-exam-aws-certified-developer-associate-topic-1-question-134/
135	6122	807635	/discussions/amazon/view/6122-exam-aws-certified-developer-associate-topic-1-question-135/
136	33715	807636	/discussions/amazon/view/33715-exam-aws-certified-developer-associate-topic-1-question-136/
137	78837	807637	/discussions/amazon/view/78837-exam-aws-certified-developer-associate-topic-1-question-137/
138	51601	807638	/discussions/amazon/view/51601-exam-aws-certified-developer-associate-topic-1-question-138/
139	28016	807639	/discussions/amazon/view/28016-exam-aws-certified-developer-associate-topic-1-question-139/
140	78836	807640	/discussions/amazon/view/78836-exam-aws-certified-developer-associate-topic-1-question-140/
141	78814	807641	/discussions/amazon/view/78814-exam-aws-certified-developer-associate-topic-1-question-141/
142	78816	807642	/discussions/amazon/view/78816-exam-aws-certified-developer-associate-topic-1-question-142/
143	78817	807643	/discussions/amazon/view/78817-exam-aws-certified-developer-associate-topic-1-question-143/
144	78818	807644	/discussions/amazon/view/78818-exam-aws-certified-developer-associate-topic-1-question-144/
145	78825	807645	/discussions/amazon/view/78825-exam-aws-certified-developer-associate-topic-1-question-145/
146	79419	807646	/discussions/amazon/view/79419-exam-aws-certified-developer-associate-topic-1-question-146/
147	78824	807647	/discussions/amazon/view/78824-exam-aws-certified-developer-associate-topic-1-question-147/
148	78823	807648	/discussions/amazon/view/78823-exam-aws-certified-developer-associate-topic-1-question-148/
149	88203	847995	/discussions/amazon/view/88203-exam-aws-certified-developer-associate-topic-1-question-149/
150	88204	847996	/discussions/amazon/view/88204-exam-aws-certified-developer-associate-topic-1-question-150/
151	88205	847997	/discussions/amazon/view/88205-exam-aws-certified-developer-associate-topic-1-question-151/
152	88208	847998	/discussions/amazon/view/88208-exam-aws-certified-developer-associate-topic-1-question-152/
153	88206	847999	/discussions/amazon/view/88206-exam-aws-certified-developer-associate-topic-1-question-153/
154	88209	848000	/discussions/amazon/view/88209-exam-aws-certified-developer-associate-topic-1-question-154/
155	88212	848038	/discussions/amazon/view/88212-exam-aws-certified-developer-associate-topic-1-question-155/
156	88211	848039	/discussions/amazon/view/88211-exam-aws-certified-developer-associate-topic-1-question-156/
157	88213	848040	/discussions/amazon/view/88213-exam-aws-certified-developer-associate-topic-1-question-157/
158	88214	848041	/discussions/amazon/view/88214-exam-aws-certified-developer-associate-topic-1-question-158/
159	88216	848042	/discussions/amazon/view/88216-exam-aws-certified-developer-associate-topic-1-question-159/
160	88217	848043	/discussions/amazon/view/88217-exam-aws-certified-developer-associate-topic-1-question-160/
161	88218	848044	/discussions/amazon/view/88218-exam-aws-certified-developer-associate-topic-1-question-161/
162	88236	848045	/discussions/amazon/view/88236-exam-aws-certified-developer-associate-topic-1-question-162/
163	88219	848046	/discussions/amazon/view/88219-exam-aws-certified-developer-associate-topic-1-question-163/
164	88237	848047	/discussions/amazon/view/88237-exam-aws-certified-developer-associate-topic-1-question-164/
165	88429	848048	/discussions/amazon/view/88429-exam-aws-certified-developer-associate-topic-1-question-165/
166	88220	848049	/discussions/amazon/view/88220-exam-aws-certified-developer-associate-topic-1-question-166/
167	88221	848050	/discussions/amazon/view/88221-exam-aws-certified-developer-associate-topic-1-question-167/
168	88223	848051	/discussions/amazon/view/88223-exam-aws-certified-developer-associate-topic-1-question-168/
169	88224	848052	/discussions/amazon/view/88224-exam-aws-certified-developer-associate-topic-1-question-169/
170	88625	848053	/discussions/amazon/view/88625-exam-aws-certified-developer-associate-topic-1-question-170/
171	88225	848054	/discussions/amazon/view/88225-exam-aws-certified-developer-associate-topic-1-question-171/
172	88226	848055	/discussions/amazon/view/88226-exam-aws-certified-developer-associate-topic-1-question-172/
173	88227	848056	/discussions/amazon/view/88227-exam-aws-certified-developer-associate-topic-1-question-173/
174	88229	848057	/discussions/amazon/view/88229-exam-aws-certified-developer-associate-topic-1-question-174/
175	88230	848058	/discussions/amazon/view/88230-exam-aws-certified-developer-associate-topic-1-question-175/
176	88231	848059	/discussions/amazon/view/88231-exam-aws-certified-developer-associate-topic-1-question-176/
177	88232	848060	/discussions/amazon/view/88232-exam-aws-certified-developer-associate-topic-1-question-177/
178	88234	848061	/discussions/amazon/view/88234-exam-aws-certified-developer-associate-topic-1-question-178/
179	88235	848062	/discussions/amazon/view/88235-exam-aws-certified-developer-associate-topic-1-question-179/
180	88525	848063	/discussions/amazon/view/88525-exam-aws-certified-developer-associate-topic-1-question-180/
181	88509	849859	/discussions/amazon/view/88509-exam-aws-certified-developer-associate-topic-1-question-181/
182	88511	849860	/discussions/amazon/view/88511-exam-aws-certified-developer-associate-topic-1-question-182/
183	88512	849861	/discussions/amazon/view/88512-exam-aws-certified-developer-associate-topic-1-question-183/
184	88524	849862	/discussions/amazon/view/88524-exam-aws-certified-developer-associate-topic-1-question-184/
185	88450	849863	/discussions/amazon/view/88450-exam-aws-certified-developer-associate-topic-1-question-185/
186	88632	849864	/discussions/amazon/view/88632-exam-aws-certified-developer-associate-topic-1-question-186/
187	88633	849865	/discussions/amazon/view/88633-exam-aws-certified-developer-associate-topic-1-question-187/
188	88645	849866	/discussions/amazon/view/88645-exam-aws-certified-developer-associate-topic-1-question-188/
189	88646	849867	/discussions/amazon/view/88646-exam-aws-certified-developer-associate-topic-1-question-189/
190	88648	849868	/discussions/amazon/view/88648-exam-aws-certified-developer-associate-topic-1-question-190/
191	88540	849869	/discussions/amazon/view/88540-exam-aws-certified-developer-associate-topic-1-question-191/
192	88651	849870	/discussions/amazon/view/88651-exam-aws-certified-developer-associate-topic-1-question-192/
193	88652	849871	/discussions/amazon/view/88652-exam-aws-certified-developer-associate-topic-1-question-193/
194	88599	849872	/discussions/amazon/view/88599-exam-aws-certified-developer-associate-topic-1-question-194/
195	88656	849873	/discussions/amazon/view/88656-exam-aws-certified-developer-associate-topic-1-question-195/
196	88658	849874	/discussions/amazon/view/88658-exam-aws-certified-developer-associate-topic-1-question-196/
197	88659	849875	/discussions/amazon/view/88659-exam-aws-certified-developer-associate-topic-1-question-197/
198	88660	849876	/discussions/amazon/view/88660-exam-aws-certified-developer-associate-topic-1-question-198/
199	88546	849877	/discussions/amazon/view/88546-exam-aws-certified-developer-associate-topic-1-question-199/
200	88547	849878	/discussions/amazon/view/88547-exam-aws-certified-developer-associate-topic-1-question-200/
201	88628	849879	/discussions/amazon/view/88628-exam-aws-certified-developer-associate-topic-1-question-201/
202	88630	849880	/discussions/amazon/view/88630-exam-aws-certified-developer-associate-topic-1-question-202/
203	88549	849881	/discussions/amazon/view/88549-exam-aws-certified-developer-associate-topic-1-question-203/
204	88663	849882	/discussions/amazon/view/88663-exam-aws-certified-developer-associate-topic-1-question-204/
205	88551	849883	/discussions/amazon/view/88551-exam-aws-certified-developer-associate-topic-1-question-205/
206	88642	849884	/discussions/amazon/view/88642-exam-aws-certified-developer-associate-topic-1-question-206/
207	88553	849885	/discussions/amazon/view/88553-exam-aws-certified-developer-associate-topic-1-question-207/
208	88665	849886	/discussions/amazon/view/88665-exam-aws-certified-developer-associate-topic-1-question-208/
209	88667	849887	/discussions/amazon/view/88667-exam-aws-certified-developer-associate-topic-1-question-209/
210	88670	849888	/discussions/amazon/view/88670-exam-aws-certified-developer-associate-topic-1-question-210/
211	88686	849889	/discussions/amazon/view/88686-exam-aws-certified-developer-associate-topic-1-question-211/
212	88577	849890	/discussions/amazon/view/88577-exam-aws-certified-developer-associate-topic-1-question-212/
213	88687	849891	/discussions/amazon/view/88687-exam-aws-certified-developer-associate-topic-1-question-213/
214	88690	849892	/discussions/amazon/view/88690-exam-aws-certified-developer-associate-topic-1-question-214/
215	88556	849893	/discussions/amazon/view/88556-exam-aws-certified-developer-associate-topic-1-question-215/
216	88557	849894	/discussions/amazon/view/88557-exam-aws-certified-developer-associate-topic-1-question-216/
217	88693	849895	/discussions/amazon/view/88693-exam-aws-certified-developer-associate-topic-1-question-217/
218	88694	849896	/discussions/amazon/view/88694-exam-aws-certified-developer-associate-topic-1-question-218/
219	88696	849897	/discussions/amazon/view/88696-exam-aws-certified-developer-associate-topic-1-question-219/
220	88560	849898	/discussions/amazon/view/88560-exam-aws-certified-developer-associate-topic-1-question-220/
221	88698	849899	/discussions/amazon/view/88698-exam-aws-certified-developer-associate-topic-1-question-221/
222	88617	849900	/discussions/amazon/view/88617-exam-aws-certified-developer-associate-topic-1-question-222/
223	88619	849901	/discussions/amazon/view/88619-exam-aws-certified-developer-associate-topic-1-question-223/
224	88621	849902	/discussions/amazon/view/88621-exam-aws-certified-developer-associate-topic-1-question-224/
225	88622	849903	/discussions/amazon/view/88622-exam-aws-certified-developer-associate-topic-1-question-225/
226	88700	849904	/discussions/amazon/view/88700-exam-aws-certified-developer-associate-topic-1-question-226/
227	88701	849905	/discussions/amazon/view/88701-exam-aws-certified-developer-associate-topic-1-question-227/
228	88702	849906	/discussions/amazon/view/88702-exam-aws-certified-developer-associate-topic-1-question-228/
229	88703	849907	/discussions/amazon/view/88703-exam-aws-certified-developer-associate-topic-1-question-229/
230	88704	849908	/discussions/amazon/view/88704-exam-aws-certified-developer-associate-topic-1-question-230/
231	88626	849909	/discussions/amazon/view/88626-exam-aws-certified-developer-associate-topic-1-question-231/
232	88627	849910	/discussions/amazon/view/88627-exam-aws-certified-developer-associate-topic-1-question-232/
233	88631	849911	/discussions/amazon/view/88631-exam-aws-certified-developer-associate-topic-1-question-233/
234	88819	849912	/discussions/amazon/view/88819-exam-aws-certified-developer-associate-topic-1-question-234/
235	88637	849913	/discussions/amazon/view/88637-exam-aws-certified-developer-associate-topic-1-question-235/
236	88638	849914	/discussions/amazon/view/88638-exam-aws-certified-developer-associate-topic-1-question-236/
237	88717	849915	/discussions/amazon/view/88717-exam-aws-certified-developer-associate-topic-1-question-237/
238	88641	849916	/discussions/amazon/view/88641-exam-aws-certified-developer-associate-topic-1-question-238/
239	88643	849917	/discussions/amazon/view/88643-exam-aws-certified-developer-associate-topic-1-question-239/
240	88823	849918	/discussions/amazon/view/88823-exam-aws-certified-developer-associate-topic-1-question-240/
241	88719	849919	/discussions/amazon/view/88719-exam-aws-certified-developer-associate-topic-1-question-241/
242	88650	849920	/discussions/amazon/view/88650-exam-aws-certified-developer-associate-topic-1-question-242/
243	88720	849921	/discussions/amazon/view/88720-exam-aws-certified-developer-associate-topic-1-question-243/
244	88655	849922	/discussions/amazon/view/88655-exam-aws-certified-developer-associate-topic-1-question-244/
245	88721	849923	/discussions/amazon/view/88721-exam-aws-certified-developer-associate-topic-1-question-245/
246	88673	849924	/discussions/amazon/view/88673-exam-aws-certified-developer-associate-topic-1-question-246/
247	88675	849925	/discussions/amazon/view/88675-exam-aws-certified-developer-associate-topic-1-question-247/
248	88722	849926	/discussions/amazon/view/88722-exam-aws-certified-developer-associate-topic-1-question-248/
249	88677	849927	/discussions/amazon/view/88677-exam-aws-certified-developer-associate-topic-1-question-249/
250	88678	849928	/discussions/amazon/view/88678-exam-aws-certified-developer-associate-topic-1-question-250/
251	88681	849929	/discussions/amazon/view/88681-exam-aws-certified-developer-associate-topic-1-question-251/
252	88682	849930	/discussions/amazon/view/88682-exam-aws-certified-developer-associate-topic-1-question-252/
253	88683	849931	/discussions/amazon/view/88683-exam-aws-certified-developer-associate-topic-1-question-253/
254	88684	849932	/discussions/amazon/view/88684-exam-aws-certified-developer-associate-topic-1-question-254/
255	88685	849933	/discussions/amazon/view/88685-exam-aws-certified-developer-associate-topic-1-question-255/
256	88688	849934	/discussions/amazon/view/88688-exam-aws-certified-developer-associate-topic-1-question-256/
257	88689	849935	/discussions/amazon/view/88689-exam-aws-certified-developer-associate-topic-1-question-257/
258	88804	849936	/discussions/amazon/view/88804-exam-aws-certified-developer-associate-topic-1-question-258/
259	88691	849937	/discussions/amazon/view/88691-exam-aws-certified-developer-associate-topic-1-question-259/
260	88692	849938	/discussions/amazon/view/88692-exam-aws-certified-developer-associate-topic-1-question-260/
261	88705	849939	/discussions/amazon/view/88705-exam-aws-certified-developer-associate-topic-1-question-261/
262	88708	849940	/discussions/amazon/view/88708-exam-aws-certified-developer-associate-topic-1-question-262/
263	88805	849941	/discussions/amazon/view/88805-exam-aws-certified-developer-associate-topic-1-question-263/
264	88807	849942	/discussions/amazon/view/88807-exam-aws-certified-developer-associate-topic-1-question-264/
265	88709	849943	/discussions/amazon/view/88709-exam-aws-certified-developer-associate-topic-1-question-265/
266	88812	849944	/discussions/amazon/view/88812-exam-aws-certified-developer-associate-topic-1-question-266/
267	88715	849945	/discussions/amazon/view/88715-exam-aws-certified-developer-associate-topic-1-question-267/
268	88831	849946	/discussions/amazon/view/88831-exam-aws-certified-developer-associate-topic-1-question-268/
269	89507	849947	/discussions/amazon/view/89507-exam-aws-certified-developer-associate-topic-1-question-269/
270	88814	849948	/discussions/amazon/view/88814-exam-aws-certified-developer-associate-topic-1-question-270/
271	88816	849949	/discussions/amazon/view/88816-exam-aws-certified-developer-associate-topic-1-question-271/
272	89508	849950	/discussions/amazon/view/89508-exam-aws-certified-developer-associate-topic-1-question-272/
273	88817	849951	/discussions/amazon/view/88817-exam-aws-certified-developer-associate-topic-1-question-273/
274	88818	849952	/discussions/amazon/view/88818-exam-aws-certified-developer-associate-topic-1-question-274/
275	88846	849953	/discussions/amazon/view/88846-exam-aws-certified-developer-associate-topic-1-question-275/
276	88847	849954	/discussions/amazon/view/88847-exam-aws-certified-developer-associate-topic-1-question-276/
277	89047	849955	/discussions/amazon/view/89047-exam-aws-certified-developer-associate-topic-1-question-277/
278	88723	849956	/discussions/amazon/view/88723-exam-aws-certified-developer-associate-topic-1-question-278/
279	89534	849957	/discussions/amazon/view/89534-exam-aws-certified-developer-associate-topic-1-question-279/
280	88825	849958	/discussions/amazon/view/88825-exam-aws-certified-developer-associate-topic-1-question-280/
281	88808	849959	/discussions/amazon/view/88808-exam-aws-certified-developer-associate-topic-1-question-281/
282	88809	849960	/discussions/amazon/view/88809-exam-aws-certified-developer-associate-topic-1-question-282/
283	88810	849961	/discussions/amazon/view/88810-exam-aws-certified-developer-associate-topic-1-question-283/
284	88811	849962	/discussions/amazon/view/88811-exam-aws-certified-developer-associate-topic-1-question-284/
285	88828	849963	/discussions/amazon/view/88828-exam-aws-certified-developer-associate-topic-1-question-285/
286	88851	849964	/discussions/amazon/view/88851-exam-aws-certified-developer-associate-topic-1-question-286/
287	88852	849965	/discussions/amazon/view/88852-exam-aws-certified-developer-associate-topic-1-question-287/
288	88821	849966	/discussions/amazon/view/88821-exam-aws-certified-developer-associate-topic-1-question-288/
289	88855	849967	/discussions/amazon/view/88855-exam-aws-certified-developer-associate-topic-1-question-289/
290	88820	849968	/discussions/amazon/view/88820-exam-aws-certified-developer-associate-topic-1-question-290/
291	88832	849969	/discussions/amazon/view/88832-exam-aws-certified-developer-associate-topic-1-question-291/
292	88833	849970	/discussions/amazon/view/88833-exam-aws-certified-developer-associate-topic-1-question-292/
293	88834	849971	/discussions/amazon/view/88834-exam-aws-certified-developer-associate-topic-1-question-293/
294	88914	849972	/discussions/amazon/view/88914-exam-aws-certified-developer-associate-topic-1-question-294/
295	88857	849973	/discussions/amazon/view/88857-exam-aws-certified-developer-associate-topic-1-question-295/
296	88858	849974	/discussions/amazon/view/88858-exam-aws-certified-developer-associate-topic-1-question-296/
297	89541	849975	/discussions/amazon/view/89541-exam-aws-certified-developer-associate-topic-1-question-297/
298	88860	849976	/discussions/amazon/view/88860-exam-aws-certified-developer-associate-topic-1-question-298/
299	88861	849977	/discussions/amazon/view/88861-exam-aws-certified-developer-associate-topic-1-question-299/
300	88596	849978	/discussions/amazon/view/88596-exam-aws-certified-developer-associate-topic-1-question-300/
301	88835	849979	/discussions/amazon/view/88835-exam-aws-certified-developer-associate-topic-1-question-301/
302	88856	849980	/discussions/amazon/view/88856-exam-aws-certified-developer-associate-topic-1-question-302/
303	88836	849981	/discussions/amazon/view/88836-exam-aws-certified-developer-associate-topic-1-question-303/
304	88527	849982	/discussions/amazon/view/88527-exam-aws-certified-developer-associate-topic-1-question-304/
305	88528	849983	/discussions/amazon/view/88528-exam-aws-certified-developer-associate-topic-1-question-305/
306	88536	849984	/discussions/amazon/view/88536-exam-aws-certified-developer-associate-topic-1-question-306/
307	88545	849985	/discussions/amazon/view/88545-exam-aws-certified-developer-associate-topic-1-question-307/
308	88550	849986	/discussions/amazon/view/88550-exam-aws-certified-developer-associate-topic-1-question-308/
309	88555	849987	/discussions/amazon/view/88555-exam-aws-certified-developer-associate-topic-1-question-309/
310	88558	849988	/discussions/amazon/view/88558-exam-aws-certified-developer-associate-topic-1-question-310/
311	88561	849989	/discussions/amazon/view/88561-exam-aws-certified-developer-associate-topic-1-question-311/
312	88563	849990	/discussions/amazon/view/88563-exam-aws-certified-developer-associate-topic-1-question-312/
313	88916	849991	/discussions/amazon/view/88916-exam-aws-certified-developer-associate-topic-1-question-313/
314	88917	849992	/discussions/amazon/view/88917-exam-aws-certified-developer-associate-topic-1-question-314/
315	88868	849999	/discussions/amazon/view/88868-exam-aws-certified-developer-associate-topic-1-question-315/
316	88869	850003	/discussions/amazon/view/88869-exam-aws-certified-developer-associate-topic-1-question-316/
317	88840	850004	/discussions/amazon/view/88840-exam-aws-certified-developer-associate-topic-1-question-317/
318	88872	850005	/discussions/amazon/view/88872-exam-aws-certified-developer-associate-topic-1-question-318/
319	88874	850006	/discussions/amazon/view/88874-exam-aws-certified-developer-associate-topic-1-question-319/
320	89564	850007	/discussions/amazon/view/89564-exam-aws-certified-developer-associate-topic-1-question-320/
321	88875	850008	/discussions/amazon/view/88875-exam-aws-certified-developer-associate-topic-1-question-321/
322	88876	850010	/discussions/amazon/view/88876-exam-aws-certified-developer-associate-topic-1-question-322/
323	88853	850012	/discussions/amazon/view/88853-exam-aws-certified-developer-associate-topic-1-question-323/
324	88877	850014	/discussions/amazon/view/88877-exam-aws-certified-developer-associate-topic-1-question-324/
325	88878	850017	/discussions/amazon/view/88878-exam-aws-certified-developer-associate-topic-1-question-325/
326	88880	850021	/discussions/amazon/view/88880-exam-aws-certified-developer-associate-topic-1-question-326/
327	88882	850025	/discussions/amazon/view/88882-exam-aws-certified-developer-associate-topic-1-question-327/
328	88885	850027	/discussions/amazon/view/88885-exam-aws-certified-developer-associate-topic-1-question-328/
329	88886	850029	/discussions/amazon/view/88886-exam-aws-certified-developer-associate-topic-1-question-329/
330	88887	850031	/discussions/amazon/view/88887-exam-aws-certified-developer-associate-topic-1-question-330/
331	88888	850033	/discussions/amazon/view/88888-exam-aws-certified-developer-associate-topic-1-question-331/
332	88889	850034	/discussions/amazon/view/88889-exam-aws-certified-developer-associate-topic-1-question-332/
333	88890	850035	/discussions/amazon/view/88890-exam-aws-certified-developer-associate-topic-1-question-333/
334	89549	850036	/discussions/amazon/view/89549-exam-aws-certified-developer-associate-topic-1-question-334/
335	88907	850037	/discussions/amazon/view/88907-exam-aws-certified-developer-associate-topic-1-question-335/
336	88908	850038	/discussions/amazon/view/88908-exam-aws-certified-developer-associate-topic-1-question-336/
337	88909	850040	/discussions/amazon/view/88909-exam-aws-certified-developer-associate-topic-1-question-337/
338	88929	850042	/discussions/amazon/view/88929-exam-aws-certified-developer-associate-topic-1-question-338/
339	88910	850044	/discussions/amazon/view/88910-exam-aws-certified-developer-associate-topic-1-question-339/
340	88911	850046	/discussions/amazon/view/88911-exam-aws-certified-developer-associate-topic-1-question-340/
341	88713	850048	/discussions/amazon/view/88713-exam-aws-certified-developer-associate-topic-1-question-341/
342	88912	850049	/discussions/amazon/view/88912-exam-aws-certified-developer-associate-topic-1-question-342/
343	88788	850050	/discussions/amazon/view/88788-exam-aws-certified-developer-associate-topic-1-question-343/
344	88790	850051	/discussions/amazon/view/88790-exam-aws-certified-developer-associate-topic-1-question-344/
345	88797	850052	/discussions/amazon/view/88797-exam-aws-certified-developer-associate-topic-1-question-345/
346	88799	850053	/discussions/amazon/view/88799-exam-aws-certified-developer-associate-topic-1-question-346/
347	88801	850054	/discussions/amazon/view/88801-exam-aws-certified-developer-associate-topic-1-question-347/
348	88802	850055	/discussions/amazon/view/88802-exam-aws-certified-developer-associate-topic-1-question-348/
349	88417	850056	/discussions/amazon/view/88417-exam-aws-certified-developer-associate-topic-1-question-349/
350	88419	850057	/discussions/amazon/view/88419-exam-aws-certified-developer-associate-topic-1-question-350/
351	88932	850058	/discussions/amazon/view/88932-exam-aws-certified-developer-associate-topic-1-question-351/
352	88933	850059	/discussions/amazon/view/88933-exam-aws-certified-developer-associate-topic-1-question-352/
353	88950	850060	/discussions/amazon/view/88950-exam-aws-certified-developer-associate-topic-1-question-353/
354	88930	850061	/discussions/amazon/view/88930-exam-aws-certified-developer-associate-topic-1-question-354/
355	88966	850062	/discussions/amazon/view/88966-exam-aws-certified-developer-associate-topic-1-question-355/
356	88936	850063	/discussions/amazon/view/88936-exam-aws-certified-developer-associate-topic-1-question-356/
357	88937	850064	/discussions/amazon/view/88937-exam-aws-certified-developer-associate-topic-1-question-357/
358	88969	850065	/discussions/amazon/view/88969-exam-aws-certified-developer-associate-topic-1-question-358/
359	88938	850066	/discussions/amazon/view/88938-exam-aws-certified-developer-associate-topic-1-question-359/
360	88939	850067	/discussions/amazon/view/88939-exam-aws-certified-developer-associate-topic-1-question-360/
361	89838	850068	/discussions/amazon/view/89838-exam-aws-certified-developer-associate-topic-1-question-361/
362	88995	850069	/discussions/amazon/view/88995-exam-aws-certified-developer-associate-topic-1-question-362/
363	89002	850070	/discussions/amazon/view/89002-exam-aws-certified-developer-associate-topic-1-question-363/
364	88944	850071	/discussions/amazon/view/88944-exam-aws-certified-developer-associate-topic-1-question-364/
365	89005	850072	/discussions/amazon/view/89005-exam-aws-certified-developer-associate-topic-1-question-365/
366	88892	850073	/discussions/amazon/view/88892-exam-aws-certified-developer-associate-topic-1-question-366/
367	96195	866076	/discussions/amazon/view/96195-exam-aws-certified-developer-associate-topic-1-question-367/
368	96159	866077	/discussions/amazon/view/96159-exam-aws-certified-developer-associate-topic-1-question-368/
369	96160	866078	/discussions/amazon/view/96160-exam-aws-certified-developer-associate-topic-1-question-369/
370	96122	866079	/discussions/amazon/view/96122-exam-aws-certified-developer-associate-topic-1-question-370/
371	96161	866080	/discussions/amazon/view/96161-exam-aws-certified-developer-associate-topic-1-question-371/
372	96163	866081	/discussions/amazon/view/96163-exam-aws-certified-developer-associate-topic-1-question-372/
373	96249	866082	/discussions/amazon/view/96249-exam-aws-certified-developer-associate-topic-1-question-373/
374	96198	866083	/discussions/amazon/view/96198-exam-aws-certified-developer-associate-topic-1-question-374/
375	96168	866084	/discussions/amazon/view/96168-exam-aws-certified-developer-associate-topic-1-question-375/
376	96169	866085	/discussions/amazon/view/96169-exam-aws-certified-developer-associate-topic-1-question-376/
377	96250	866086	/discussions/amazon/view/96250-exam-aws-certified-developer-associate-topic-1-question-377/
378	96176	866087	/discussions/amazon/view/96176-exam-aws-certified-developer-associate-topic-1-question-378/
379	96423	866088	/discussions/amazon/view/96423-exam-aws-certified-developer-associate-topic-1-question-379/
380	96497	866089	/discussions/amazon/view/96497-exam-aws-certified-developer-associate-topic-1-question-380/
381	96193	866090	/discussions/amazon/view/96193-exam-aws-certified-developer-associate-topic-1-question-381/
382	96425	866091	/discussions/amazon/view/96425-exam-aws-certified-developer-associate-topic-1-question-382/
383	96728	866092	/discussions/amazon/view/96728-exam-aws-certified-developer-associate-topic-1-question-383/
384	96561	866093	/discussions/amazon/view/96561-exam-aws-certified-developer-associate-topic-1-question-384/
385	96428	866094	/discussions/amazon/view/96428-exam-aws-certified-developer-associate-topic-1-question-385/
386	96429	866095	/discussions/amazon/view/96429-exam-aws-certified-developer-associate-topic-1-question-386/
387	96432	866096	/discussions/amazon/view/96432-exam-aws-certified-developer-associate-topic-1-question-387/
388	96426	866097	/discussions/amazon/view/96426-exam-aws-certified-developer-associate-topic-1-question-388/
389	96435	866098	/discussions/amazon/view/96435-exam-aws-certified-developer-associate-topic-1-question-389/
390	96436	866099	/discussions/amazon/view/96436-exam-aws-certified-developer-associate-topic-1-question-390/
391	96491	866100	/discussions/amazon/view/96491-exam-aws-certified-developer-associate-topic-1-question-391/
392	96438	866101	/discussions/amazon/view/96438-exam-aws-certified-developer-associate-topic-1-question-392/
393	96207	866102	/discussions/amazon/view/96207-exam-aws-certified-developer-associate-topic-1-question-393/
394	96492	866103	/discussions/amazon/view/96492-exam-aws-certified-developer-associate-topic-1-question-394/
395	96490	866104	/discussions/amazon/view/96490-exam-aws-certified-developer-associate-topic-1-question-395/
396	96209	866105	/discussions/amazon/view/96209-exam-aws-certified-developer-associate-topic-1-question-396/
397	96210	866106	/discussions/amazon/view/96210-exam-aws-certified-developer-associate-topic-1-question-397/
398	96427	866107	/discussions/amazon/view/96427-exam-aws-certified-developer-associate-topic-1-question-398/
399	96441	866108	/discussions/amazon/view/96441-exam-aws-certified-developer-associate-topic-1-question-399/
400	96211	866109	/discussions/amazon/view/96211-exam-aws-certified-developer-associate-topic-1-question-400/
401	96443	866110	/discussions/amazon/view/96443-exam-aws-certified-developer-associate-topic-1-question-401/
402	96212	866111	/discussions/amazon/view/96212-exam-aws-certified-developer-associate-topic-1-question-402/
403	96213	866112	/discussions/amazon/view/96213-exam-aws-certified-developer-associate-topic-1-question-403/
404	96214	866113	/discussions/amazon/view/96214-exam-aws-certified-developer-associate-topic-1-question-404/
405	96215	866114	/discussions/amazon/view/96215-exam-aws-certified-developer-associate-topic-1-question-405/
406	96218	866115	/discussions/amazon/view/96218-exam-aws-certified-developer-associate-topic-1-question-406/
407	96219	866116	/discussions/amazon/view/96219-exam-aws-certified-developer-associate-topic-1-question-407/
408	96220	866117	/discussions/amazon/view/96220-exam-aws-certified-developer-associate-topic-1-question-408/
409	96221	866118	/discussions/amazon/view/96221-exam-aws-certified-developer-associate-topic-1-question-409/
410	96222	866119	/discussions/amazon/view/96222-exam-aws-certified-developer-associate-topic-1-question-410/
411	96223	866120	/discussions/amazon/view/96223-exam-aws-certified-developer-associate-topic-1-question-411/
412	96224	866121	/discussions/amazon/view/96224-exam-aws-certified-developer-associate-topic-1-question-412/
413	96408	866122	/discussions/amazon/view/96408-exam-aws-certified-developer-associate-topic-1-question-413/
414	96409	866123	/discussions/amazon/view/96409-exam-aws-certified-developer-associate-topic-1-question-414/
415	96229	866124	/discussions/amazon/view/96229-exam-aws-certified-developer-associate-topic-1-question-415/
416	96230	866125	/discussions/amazon/view/96230-exam-aws-certified-developer-associate-topic-1-question-416/
417	96231	866126	/discussions/amazon/view/96231-exam-aws-certified-developer-associate-topic-1-question-417/
418	96232	866127	/discussions/amazon/view/96232-exam-aws-certified-developer-associate-topic-1-question-418/
419	96233	866128	/discussions/amazon/view/96233-exam-aws-certified-developer-associate-topic-1-question-419/
420	96234	866129	/discussions/amazon/view/96234-exam-aws-certified-developer-associate-topic-1-question-420/
421	96235	866130	/discussions/amazon/view/96235-exam-aws-certified-developer-associate-topic-1-question-421/
422	96236	866131	/discussions/amazon/view/96236-exam-aws-certified-developer-associate-topic-1-question-422/
423	96237	866132	/discussions/amazon/view/96237-exam-aws-certified-developer-associate-topic-1-question-423/
424	96238	866133	/discussions/amazon/view/96238-exam-aws-certified-developer-associate-topic-1-question-424/
425	96197	866134	/discussions/amazon/view/96197-exam-aws-certified-developer-associate-topic-1-question-425/
426	96239	866135	/discussions/amazon/view/96239-exam-aws-certified-developer-associate-topic-1-question-426/
427	96240	866136	/discussions/amazon/view/96240-exam-aws-certified-developer-associate-topic-1-question-427/
428	96241	866137	/discussions/amazon/view/96241-exam-aws-certified-developer-associate-topic-1-question-428/
429	96242	866138	/discussions/amazon/view/96242-exam-aws-certified-developer-associate-topic-1-question-429/
430	96411	866139	/discussions/amazon/view/96411-exam-aws-certified-developer-associate-topic-1-question-430/
431	96398	866140	/discussions/amazon/view/96398-exam-aws-certified-developer-associate-topic-1-question-431/
432	96544	866141	/discussions/amazon/view/96544-exam-aws-certified-developer-associate-topic-1-question-432/
433	96397	866142	/discussions/amazon/view/96397-exam-aws-certified-developer-associate-topic-1-question-433/
434	96243	866143	/discussions/amazon/view/96243-exam-aws-certified-developer-associate-topic-1-question-434/
435	96244	866144	/discussions/amazon/view/96244-exam-aws-certified-developer-associate-topic-1-question-435/
436	96245	866145	/discussions/amazon/view/96245-exam-aws-certified-developer-associate-topic-1-question-436/
437	96246	866146	/discussions/amazon/view/96246-exam-aws-certified-developer-associate-topic-1-question-437/
438	96166	866147	/discussions/amazon/view/96166-exam-aws-certified-developer-associate-topic-1-question-438/
439	96165	866148	/discussions/amazon/view/96165-exam-aws-certified-developer-associate-topic-1-question-439/
440	96157	866149	/discussions/amazon/view/96157-exam-aws-certified-developer-associate-topic-1-question-440/
441	96149	866150	/discussions/amazon/view/96149-exam-aws-certified-developer-associate-topic-1-question-441/
442	96145	866151	/discussions/amazon/view/96145-exam-aws-certified-developer-associate-topic-1-question-442/
443	96247	866152	/discussions/amazon/view/96247-exam-aws-certified-developer-associate-topic-1-question-443/
