1	21738	807974	/discussions/amazon/view/21738-exam-aws-certified-solutions-architect-associate-saa-c02/
2	21739	807975	/discussions/amazon/view/21739-exam-aws-certified-solutions-architect-associate-saa-c02/
3	21740	807976	/discussions/amazon/view/21740-exam-aws-certified-solutions-architect-associate-saa-c02/
4	21741	807977	/discussions/amazon/view/21741-exam-aws-certified-solutions-architect-associate-saa-c02/
5	27683	807978	/discussions/amazon/view/27683-exam-aws-certified-solutions-architect-associate-saa-c02/
6	46385	807979	/discussions/amazon/view/46385-exam-aws-certified-solutions-architect-associate-saa-c02/
7	21808	807980	/discussions/amazon/view/21808-exam-aws-certified-solutions-architect-associate-saa-c02/
8	21997	807981	/discussions/amazon/view/21997-exam-aws-certified-solutions-architect-associate-saa-c02/
9	27701	807982	/discussions/amazon/view/27701-exam-aws-certified-solutions-architect-associate-saa-c02/
10	21754	807983	/discussions/amazon/view/21754-exam-aws-certified-solutions-architect-associate-saa-c02/
11	21757	807984	/discussions/amazon/view/21757-exam-aws-certified-solutions-architect-associate-saa-c02/
12	61578	807985	/discussions/amazon/view/61578-exam-aws-certified-solutions-architect-associate-saa-c02/
13	21769	807986	/discussions/amazon/view/21769-exam-aws-certified-solutions-architect-associate-saa-c02/
14	61084	807987	/discussions/amazon/view/61084-exam-aws-certified-solutions-architect-associate-saa-c02/
15	22024	807988	/discussions/amazon/view/22024-exam-aws-certified-solutions-architect-associate-saa-c02/
16	21860	807989	/discussions/amazon/view/21860-exam-aws-certified-solutions-architect-associate-saa-c02/
17	21774	807990	/discussions/amazon/view/21774-exam-aws-certified-solutions-architect-associate-saa-c02/
18	22025	807991	/discussions/amazon/view/22025-exam-aws-certified-solutions-architect-associate-saa-c02/
19	27677	807992	/discussions/amazon/view/27677-exam-aws-certified-solutions-architect-associate-saa-c02/
20	21775	807993	/discussions/amazon/view/21775-exam-aws-certified-solutions-architect-associate-saa-c02/
21	21954	807994	/discussions/amazon/view/21954-exam-aws-certified-solutions-architect-associate-saa-c02/
22	22040	807995	/discussions/amazon/view/22040-exam-aws-certified-solutions-architect-associate-saa-c02/
23	22175	807996	/discussions/amazon/view/22175-exam-aws-certified-solutions-architect-associate-saa-c02/
24	21959	807997	/discussions/amazon/view/21959-exam-aws-certified-solutions-architect-associate-saa-c02/
25	21790	807998	/discussions/amazon/view/21790-exam-aws-certified-solutions-architect-associate-saa-c02/
26	61123	807999	/discussions/amazon/view/61123-exam-aws-certified-solutions-architect-associate-saa-c02/
27	22044	808000	/discussions/amazon/view/22044-exam-aws-certified-solutions-architect-associate-saa-c02/
28	27713	808001	/discussions/amazon/view/27713-exam-aws-certified-solutions-architect-associate-saa-c02/
29	27714	808002	/discussions/amazon/view/27714-exam-aws-certified-solutions-architect-associate-saa-c02/
30	21793	808003	/discussions/amazon/view/21793-exam-aws-certified-solutions-architect-associate-saa-c02/
31	21965	808004	/discussions/amazon/view/21965-exam-aws-certified-solutions-architect-associate-saa-c02/
32	27686	808005	/discussions/amazon/view/27686-exam-aws-certified-solutions-architect-associate-saa-c02/
33	27688	808006	/discussions/amazon/view/27688-exam-aws-certified-solutions-architect-associate-saa-c02/
34	21795	808007	/discussions/amazon/view/21795-exam-aws-certified-solutions-architect-associate-saa-c02/
35	22041	808008	/discussions/amazon/view/22041-exam-aws-certified-solutions-architect-associate-saa-c02/
36	21851	808009	/discussions/amazon/view/21851-exam-aws-certified-solutions-architect-associate-saa-c02/
37	21797	808010	/discussions/amazon/view/21797-exam-aws-certified-solutions-architect-associate-saa-c02/
38	21966	808011	/discussions/amazon/view/21966-exam-aws-certified-solutions-architect-associate-saa-c02/
39	21798	808012	/discussions/amazon/view/21798-exam-aws-certified-solutions-architect-associate-saa-c02/
40	21820	808013	/discussions/amazon/view/21820-exam-aws-certified-solutions-architect-associate-saa-c02/
41	21822	808014	/discussions/amazon/view/21822-exam-aws-certified-solutions-architect-associate-saa-c02/
42	21863	808015	/discussions/amazon/view/21863-exam-aws-certified-solutions-architect-associate-saa-c02/
43	22048	808016	/discussions/amazon/view/22048-exam-aws-certified-solutions-architect-associate-saa-c02/
44	21824	808017	/discussions/amazon/view/21824-exam-aws-certified-solutions-architect-associate-saa-c02/
45	22049	808018	/discussions/amazon/view/22049-exam-aws-certified-solutions-architect-associate-saa-c02/
46	22050	808019	/discussions/amazon/view/22050-exam-aws-certified-solutions-architect-associate-saa-c02/
47	21819	808020	/discussions/amazon/view/21819-exam-aws-certified-solutions-architect-associate-saa-c02/
48	61446	808021	/discussions/amazon/view/61446-exam-aws-certified-solutions-architect-associate-saa-c02/
49	21829	808022	/discussions/amazon/view/21829-exam-aws-certified-solutions-architect-associate-saa-c02/
50	21967	808023	/discussions/amazon/view/21967-exam-aws-certified-solutions-architect-associate-saa-c02/
51	61609	808024	/discussions/amazon/view/61609-exam-aws-certified-solutions-architect-associate-saa-c02/
52	21968	808025	/discussions/amazon/view/21968-exam-aws-certified-solutions-architect-associate-saa-c02/
53	21831	808026	/discussions/amazon/view/21831-exam-aws-certified-solutions-architect-associate-saa-c02/
54	21832	808027	/discussions/amazon/view/21832-exam-aws-certified-solutions-architect-associate-saa-c02/
55	60077	808028	/discussions/amazon/view/60077-exam-aws-certified-solutions-architect-associate-saa-c02/
56	21834	808029	/discussions/amazon/view/21834-exam-aws-certified-solutions-architect-associate-saa-c02/
57	21969	808030	/discussions/amazon/view/21969-exam-aws-certified-solutions-architect-associate-saa-c02/
58	22138	808031	/discussions/amazon/view/22138-exam-aws-certified-solutions-architect-associate-saa-c02/
59	35616	808032	/discussions/amazon/view/35616-exam-aws-certified-solutions-architect-associate-saa-c02/
60	22177	808033	/discussions/amazon/view/22177-exam-aws-certified-solutions-architect-associate-saa-c02/
61	21839	808034	/discussions/amazon/view/21839-exam-aws-certified-solutions-architect-associate-saa-c02/
62	61526	808035	/discussions/amazon/view/61526-exam-aws-certified-solutions-architect-associate-saa-c02/
63	21993	808036	/discussions/amazon/view/21993-exam-aws-certified-solutions-architect-associate-saa-c02/
64	22180	808037	/discussions/amazon/view/22180-exam-aws-certified-solutions-architect-associate-saa-c02/
65	22139	808038	/discussions/amazon/view/22139-exam-aws-certified-solutions-architect-associate-saa-c02/
66	24813	808039	/discussions/amazon/view/24813-exam-aws-certified-solutions-architect-associate-saa-c02/
67	78550	808040	/discussions/amazon/view/78550-exam-aws-certified-solutions-architect-associate-saa-c02/
68	24823	808041	/discussions/amazon/view/24823-exam-aws-certified-solutions-architect-associate-saa-c02/
69	24824	808042	/discussions/amazon/view/24824-exam-aws-certified-solutions-architect-associate-saa-c02/
70	27814	808043	/discussions/amazon/view/27814-exam-aws-certified-solutions-architect-associate-saa-c02/
71	24851	808044	/discussions/amazon/view/24851-exam-aws-certified-solutions-architect-associate-saa-c02/
72	24840	808045	/discussions/amazon/view/24840-exam-aws-certified-solutions-architect-associate-saa-c02/
73	27678	808046	/discussions/amazon/view/27678-exam-aws-certified-solutions-architect-associate-saa-c02/
74	27679	808047	/discussions/amazon/view/27679-exam-aws-certified-solutions-architect-associate-saa-c02/
75	61247	808048	/discussions/amazon/view/61247-exam-aws-certified-solutions-architect-associate-saa-c02/
76	24952	808049	/discussions/amazon/view/24952-exam-aws-certified-solutions-architect-associate-saa-c02/
77	24834	808050	/discussions/amazon/view/24834-exam-aws-certified-solutions-architect-associate-saa-c02/
78	60215	808051	/discussions/amazon/view/60215-exam-aws-certified-solutions-architect-associate-saa-c02/
79	24836	808052	/discussions/amazon/view/24836-exam-aws-certified-solutions-architect-associate-saa-c02/
80	27770	808053	/discussions/amazon/view/27770-exam-aws-certified-solutions-architect-associate-saa-c02/
81	27943	808054	/discussions/amazon/view/27943-exam-aws-certified-solutions-architect-associate-saa-c02/
82	27700	808055	/discussions/amazon/view/27700-exam-aws-certified-solutions-architect-associate-saa-c02/
83	27795	808056	/discussions/amazon/view/27795-exam-aws-certified-solutions-architect-associate-saa-c02/
84	27788	808057	/discussions/amazon/view/27788-exam-aws-certified-solutions-architect-associate-saa-c02/
85	27796	808058	/discussions/amazon/view/27796-exam-aws-certified-solutions-architect-associate-saa-c02/
86	27772	808059	/discussions/amazon/view/27772-exam-aws-certified-solutions-architect-associate-saa-c02/
87	27844	808060	/discussions/amazon/view/27844-exam-aws-certified-solutions-architect-associate-saa-c02/
88	27846	808061	/discussions/amazon/view/27846-exam-aws-certified-solutions-architect-associate-saa-c02/
89	27830	808062	/discussions/amazon/view/27830-exam-aws-certified-solutions-architect-associate-saa-c02/
90	27848	808063	/discussions/amazon/view/27848-exam-aws-certified-solutions-architect-associate-saa-c02/
91	27865	808064	/discussions/amazon/view/27865-exam-aws-certified-solutions-architect-associate-saa-c02/
92	27798	808065	/discussions/amazon/view/27798-exam-aws-certified-solutions-architect-associate-saa-c02/
93	28068	808066	/discussions/amazon/view/28068-exam-aws-certified-solutions-architect-associate-saa-c02/
94	27801	808067	/discussions/amazon/view/27801-exam-aws-certified-solutions-architect-associate-saa-c02/
95	82861	808068	/discussions/amazon/view/82861-exam-aws-certified-solutions-architect-associate-saa-c02/
96	27868	808069	/discussions/amazon/view/27868-exam-aws-certified-solutions-architect-associate-saa-c02/
97	27869	808070	/discussions/amazon/view/27869-exam-aws-certified-solutions-architect-associate-saa-c02/
98	27871	808071	/discussions/amazon/view/27871-exam-aws-certified-solutions-architect-associate-saa-c02/
99	27872	808072	/discussions/amazon/view/27872-exam-aws-certified-solutions-architect-associate-saa-c02/
100	27873	808073	/discussions/amazon/view/27873-exam-aws-certified-solutions-architect-associate-saa-c02/
101	27923	808074	/discussions/amazon/view/27923-exam-aws-certified-solutions-architect-associate-saa-c02/
102	27924	808075	/discussions/amazon/view/27924-exam-aws-certified-solutions-architect-associate-saa-c02/
103	27926	808076	/discussions/amazon/view/27926-exam-aws-certified-solutions-architect-associate-saa-c02/
104	27874	808077	/discussions/amazon/view/27874-exam-aws-certified-solutions-architect-associate-saa-c02/
105	27991	808078	/discussions/amazon/view/27991-exam-aws-certified-solutions-architect-associate-saa-c02/
106	27847	808079	/discussions/amazon/view/27847-exam-aws-certified-solutions-architect-associate-saa-c02/
107	27787	808080	/discussions/amazon/view/27787-exam-aws-certified-solutions-architect-associate-saa-c02/
108	27850	808081	/discussions/amazon/view/27850-exam-aws-certified-solutions-architect-associate-saa-c02/
109	27740	808082	/discussions/amazon/view/27740-exam-aws-certified-solutions-architect-associate-saa-c02/
110	27897	808083	/discussions/amazon/view/27897-exam-aws-certified-solutions-architect-associate-saa-c02/
111	61107	808084	/discussions/amazon/view/61107-exam-aws-certified-solutions-architect-associate-saa-c02/
112	27854	808085	/discussions/amazon/view/27854-exam-aws-certified-solutions-architect-associate-saa-c02/
113	27763	808086	/discussions/amazon/view/27763-exam-aws-certified-solutions-architect-associate-saa-c02/
114	27851	808087	/discussions/amazon/view/27851-exam-aws-certified-solutions-architect-associate-saa-c02/
115	27842	808088	/discussions/amazon/view/27842-exam-aws-certified-solutions-architect-associate-saa-c02/
116	61269	808089	/discussions/amazon/view/61269-exam-aws-certified-solutions-architect-associate-saa-c02/
117	46550	808090	/discussions/amazon/view/46550-exam-aws-certified-solutions-architect-associate-saa-c02/
118	27881	808091	/discussions/amazon/view/27881-exam-aws-certified-solutions-architect-associate-saa-c02/
119	27882	808092	/discussions/amazon/view/27882-exam-aws-certified-solutions-architect-associate-saa-c02/
120	80218	808093	/discussions/amazon/view/80218-exam-aws-certified-solutions-architect-associate-saa-c02/
121	28003	808094	/discussions/amazon/view/28003-exam-aws-certified-solutions-architect-associate-saa-c02/
122	27863	808095	/discussions/amazon/view/27863-exam-aws-certified-solutions-architect-associate-saa-c02/
123	61150	808096	/discussions/amazon/view/61150-exam-aws-certified-solutions-architect-associate-saa-c02/
124	27985	808097	/discussions/amazon/view/27985-exam-aws-certified-solutions-architect-associate-saa-c02/
125	61151	808098	/discussions/amazon/view/61151-exam-aws-certified-solutions-architect-associate-saa-c02/
126	27866	808099	/discussions/amazon/view/27866-exam-aws-certified-solutions-architect-associate-saa-c02/
127	27855	808100	/discussions/amazon/view/27855-exam-aws-certified-solutions-architect-associate-saa-c02/
128	27928	808101	/discussions/amazon/view/27928-exam-aws-certified-solutions-architect-associate-saa-c02/
129	27903	808102	/discussions/amazon/view/27903-exam-aws-certified-solutions-architect-associate-saa-c02/
130	61672	808103	/discussions/amazon/view/61672-exam-aws-certified-solutions-architect-associate-saa-c02/
131	27929	808104	/discussions/amazon/view/27929-exam-aws-certified-solutions-architect-associate-saa-c02/
132	61050	808105	/discussions/amazon/view/61050-exam-aws-certified-solutions-architect-associate-saa-c02/
133	27889	808106	/discussions/amazon/view/27889-exam-aws-certified-solutions-architect-associate-saa-c02/
134	27930	808107	/discussions/amazon/view/27930-exam-aws-certified-solutions-architect-associate-saa-c02/
135	27890	808108	/discussions/amazon/view/27890-exam-aws-certified-solutions-architect-associate-saa-c02/
136	28010	808109	/discussions/amazon/view/28010-exam-aws-certified-solutions-architect-associate-saa-c02/
137	27931	808110	/discussions/amazon/view/27931-exam-aws-certified-solutions-architect-associate-saa-c02/
138	27856	808111	/discussions/amazon/view/27856-exam-aws-certified-solutions-architect-associate-saa-c02/
139	27932	808112	/discussions/amazon/view/27932-exam-aws-certified-solutions-architect-associate-saa-c02/
140	27857	808113	/discussions/amazon/view/27857-exam-aws-certified-solutions-architect-associate-saa-c02/
141	27891	808114	/discussions/amazon/view/27891-exam-aws-certified-solutions-architect-associate-saa-c02/
142	28013	808115	/discussions/amazon/view/28013-exam-aws-certified-solutions-architect-associate-saa-c02/
143	27825	808116	/discussions/amazon/view/27825-exam-aws-certified-solutions-architect-associate-saa-c02/
144	28015	808117	/discussions/amazon/view/28015-exam-aws-certified-solutions-architect-associate-saa-c02/
145	27893	808118	/discussions/amazon/view/27893-exam-aws-certified-solutions-architect-associate-saa-c02/
146	61293	808119	/discussions/amazon/view/61293-exam-aws-certified-solutions-architect-associate-saa-c02/
147	27875	808120	/discussions/amazon/view/27875-exam-aws-certified-solutions-architect-associate-saa-c02/
148	28023	808121	/discussions/amazon/view/28023-exam-aws-certified-solutions-architect-associate-saa-c02/
149	27877	808122	/discussions/amazon/view/27877-exam-aws-certified-solutions-architect-associate-saa-c02/
150	28052	808123	/discussions/amazon/view/28052-exam-aws-certified-solutions-architect-associate-saa-c02/
151	27878	808124	/discussions/amazon/view/27878-exam-aws-certified-solutions-architect-associate-saa-c02/
152	27933	808125	/discussions/amazon/view/27933-exam-aws-certified-solutions-architect-associate-saa-c02/
153	68916	808126	/discussions/amazon/view/68916-exam-aws-certified-solutions-architect-associate-saa-c02/
154	27934	808127	/discussions/amazon/view/27934-exam-aws-certified-solutions-architect-associate-saa-c02/
155	27935	808128	/discussions/amazon/view/27935-exam-aws-certified-solutions-architect-associate-saa-c02/
156	27880	808129	/discussions/amazon/view/27880-exam-aws-certified-solutions-architect-associate-saa-c02/
157	28070	808130	/discussions/amazon/view/28070-exam-aws-certified-solutions-architect-associate-saa-c02/
158	27954	808131	/discussions/amazon/view/27954-exam-aws-certified-solutions-architect-associate-saa-c02/
159	27884	808132	/discussions/amazon/view/27884-exam-aws-certified-solutions-architect-associate-saa-c02/
160	27867	808133	/discussions/amazon/view/27867-exam-aws-certified-solutions-architect-associate-saa-c02/
161	27885	808134	/discussions/amazon/view/27885-exam-aws-certified-solutions-architect-associate-saa-c02/
162	28077	808135	/discussions/amazon/view/28077-exam-aws-certified-solutions-architect-associate-saa-c02/
163	27937	808136	/discussions/amazon/view/27937-exam-aws-certified-solutions-architect-associate-saa-c02/
164	27888	808137	/discussions/amazon/view/27888-exam-aws-certified-solutions-architect-associate-saa-c02/
165	46651	808138	/discussions/amazon/view/46651-exam-aws-certified-solutions-architect-associate-saa-c02/
166	27782	808139	/discussions/amazon/view/27782-exam-aws-certified-solutions-architect-associate-saa-c02/
167	43797	808140	/discussions/amazon/view/43797-exam-aws-certified-solutions-architect-associate-saa-c02/
168	27828	808141	/discussions/amazon/view/27828-exam-aws-certified-solutions-architect-associate-saa-c02/
169	27829	808142	/discussions/amazon/view/27829-exam-aws-certified-solutions-architect-associate-saa-c02/
170	27941	808143	/discussions/amazon/view/27941-exam-aws-certified-solutions-architect-associate-saa-c02/
171	27779	808144	/discussions/amazon/view/27779-exam-aws-certified-solutions-architect-associate-saa-c02/
172	46652	808145	/discussions/amazon/view/46652-exam-aws-certified-solutions-architect-associate-saa-c02/
173	28086	808146	/discussions/amazon/view/28086-exam-aws-certified-solutions-architect-associate-saa-c02/
174	27832	808147	/discussions/amazon/view/27832-exam-aws-certified-solutions-architect-associate-saa-c02/
175	30057	808148	/discussions/amazon/view/30057-exam-aws-certified-solutions-architect-associate-saa-c02/
176	27777	808149	/discussions/amazon/view/27777-exam-aws-certified-solutions-architect-associate-saa-c02/
177	28087	808150	/discussions/amazon/view/28087-exam-aws-certified-solutions-architect-associate-saa-c02/
178	27776	808151	/discussions/amazon/view/27776-exam-aws-certified-solutions-architect-associate-saa-c02/
179	27898	808152	/discussions/amazon/view/27898-exam-aws-certified-solutions-architect-associate-saa-c02/
180	27774	808153	/discussions/amazon/view/27774-exam-aws-certified-solutions-architect-associate-saa-c02/
181	27775	808154	/discussions/amazon/view/27775-exam-aws-certified-solutions-architect-associate-saa-c02/
182	27773	808155	/discussions/amazon/view/27773-exam-aws-certified-solutions-architect-associate-saa-c02/
183	29744	808156	/discussions/amazon/view/29744-exam-aws-certified-solutions-architect-associate-saa-c02/
184	29745	808157	/discussions/amazon/view/29745-exam-aws-certified-solutions-architect-associate-saa-c02/
185	29746	808158	/discussions/amazon/view/29746-exam-aws-certified-solutions-architect-associate-saa-c02/
186	29748	808159	/discussions/amazon/view/29748-exam-aws-certified-solutions-architect-associate-saa-c02/
187	29749	808160	/discussions/amazon/view/29749-exam-aws-certified-solutions-architect-associate-saa-c02/
188	29751	808161	/discussions/amazon/view/29751-exam-aws-certified-solutions-architect-associate-saa-c02/
189	29752	808162	/discussions/amazon/view/29752-exam-aws-certified-solutions-architect-associate-saa-c02/
190	29756	808163	/discussions/amazon/view/29756-exam-aws-certified-solutions-architect-associate-saa-c02/
191	29757	808164	/discussions/amazon/view/29757-exam-aws-certified-solutions-architect-associate-saa-c02/
192	61230	808165	/discussions/amazon/view/61230-exam-aws-certified-solutions-architect-associate-saa-c02/
193	29729	808166	/discussions/amazon/view/29729-exam-aws-certified-solutions-architect-associate-saa-c02/
194	29761	808167	/discussions/amazon/view/29761-exam-aws-certified-solutions-architect-associate-saa-c02/
195	29762	808168	/discussions/amazon/view/29762-exam-aws-certified-solutions-architect-associate-saa-c02/
196	29764	808169	/discussions/amazon/view/29764-exam-aws-certified-solutions-architect-associate-saa-c02/
197	29765	808170	/discussions/amazon/view/29765-exam-aws-certified-solutions-architect-associate-saa-c02/
198	29767	808171	/discussions/amazon/view/29767-exam-aws-certified-solutions-architect-associate-saa-c02/
199	29768	808172	/discussions/amazon/view/29768-exam-aws-certified-solutions-architect-associate-saa-c02/
200	29769	808173	/discussions/amazon/view/29769-exam-aws-certified-solutions-architect-associate-saa-c02/
201	68880	808174	/discussions/amazon/view/68880-exam-aws-certified-solutions-architect-associate-saa-c02/
202	29772	808175	/discussions/amazon/view/29772-exam-aws-certified-solutions-architect-associate-saa-c02/
203	29773	808176	/discussions/amazon/view/29773-exam-aws-certified-solutions-architect-associate-saa-c02/
204	29774	808177	/discussions/amazon/view/29774-exam-aws-certified-solutions-architect-associate-saa-c02/
205	29775	808178	/discussions/amazon/view/29775-exam-aws-certified-solutions-architect-associate-saa-c02/
206	29776	808179	/discussions/amazon/view/29776-exam-aws-certified-solutions-architect-associate-saa-c02/
207	29778	808180	/discussions/amazon/view/29778-exam-aws-certified-solutions-architect-associate-saa-c02/
208	61420	808181	/discussions/amazon/view/61420-exam-aws-certified-solutions-architect-associate-saa-c02/
209	29740	808182	/discussions/amazon/view/29740-exam-aws-certified-solutions-architect-associate-saa-c02/
210	29741	808183	/discussions/amazon/view/29741-exam-aws-certified-solutions-architect-associate-saa-c02/
211	30055	808184	/discussions/amazon/view/30055-exam-aws-certified-solutions-architect-associate-saa-c02/
212	29782	808185	/discussions/amazon/view/29782-exam-aws-certified-solutions-architect-associate-saa-c02/
213	30065	808186	/discussions/amazon/view/30065-exam-aws-certified-solutions-architect-associate-saa-c02/
214	29738	808187	/discussions/amazon/view/29738-exam-aws-certified-solutions-architect-associate-saa-c02/
215	30056	808188	/discussions/amazon/view/30056-exam-aws-certified-solutions-architect-associate-saa-c02/
216	35643	808189	/discussions/amazon/view/35643-exam-aws-certified-solutions-architect-associate-saa-c02/
217	35665	808190	/discussions/amazon/view/35665-exam-aws-certified-solutions-architect-associate-saa-c02/
218	35619	808191	/discussions/amazon/view/35619-exam-aws-certified-solutions-architect-associate-saa-c02/
219	35639	808192	/discussions/amazon/view/35639-exam-aws-certified-solutions-architect-associate-saa-c02/
220	35677	808193	/discussions/amazon/view/35677-exam-aws-certified-solutions-architect-associate-saa-c02/
221	35669	808194	/discussions/amazon/view/35669-exam-aws-certified-solutions-architect-associate-saa-c02/
222	35678	808195	/discussions/amazon/view/35678-exam-aws-certified-solutions-architect-associate-saa-c02/
223	35679	808196	/discussions/amazon/view/35679-exam-aws-certified-solutions-architect-associate-saa-c02/
224	35680	808197	/discussions/amazon/view/35680-exam-aws-certified-solutions-architect-associate-saa-c02/
225	35681	808198	/discussions/amazon/view/35681-exam-aws-certified-solutions-architect-associate-saa-c02/
226	35682	808199	/discussions/amazon/view/35682-exam-aws-certified-solutions-architect-associate-saa-c02/
227	35683	808200	/discussions/amazon/view/35683-exam-aws-certified-solutions-architect-associate-saa-c02/
228	35684	808201	/discussions/amazon/view/35684-exam-aws-certified-solutions-architect-associate-saa-c02/
229	35791	808202	/discussions/amazon/view/35791-exam-aws-certified-solutions-architect-associate-saa-c02/
230	35801	808203	/discussions/amazon/view/35801-exam-aws-certified-solutions-architect-associate-saa-c02/
231	35685	808204	/discussions/amazon/view/35685-exam-aws-certified-solutions-architect-associate-saa-c02/
232	35865	808205	/discussions/amazon/view/35865-exam-aws-certified-solutions-architect-associate-saa-c02/
233	35803	808206	/discussions/amazon/view/35803-exam-aws-certified-solutions-architect-associate-saa-c02/
234	35816	808207	/discussions/amazon/view/35816-exam-aws-certified-solutions-architect-associate-saa-c02/
235	35861	808208	/discussions/amazon/view/35861-exam-aws-certified-solutions-architect-associate-saa-c02/
236	35807	808209	/discussions/amazon/view/35807-exam-aws-certified-solutions-architect-associate-saa-c02/
237	35884	808210	/discussions/amazon/view/35884-exam-aws-certified-solutions-architect-associate-saa-c02/
238	35862	808211	/discussions/amazon/view/35862-exam-aws-certified-solutions-architect-associate-saa-c02/
239	35832	808212	/discussions/amazon/view/35832-exam-aws-certified-solutions-architect-associate-saa-c02/
240	35833	808213	/discussions/amazon/view/35833-exam-aws-certified-solutions-architect-associate-saa-c02/
241	35834	808214	/discussions/amazon/view/35834-exam-aws-certified-solutions-architect-associate-saa-c02/
242	35836	808215	/discussions/amazon/view/35836-exam-aws-certified-solutions-architect-associate-saa-c02/
243	35837	808216	/discussions/amazon/view/35837-exam-aws-certified-solutions-architect-associate-saa-c02/
244	35838	808217	/discussions/amazon/view/35838-exam-aws-certified-solutions-architect-associate-saa-c02/
245	35809	808218	/discussions/amazon/view/35809-exam-aws-certified-solutions-architect-associate-saa-c02/
246	35687	808219	/discussions/amazon/view/35687-exam-aws-certified-solutions-architect-associate-saa-c02/
247	61312	808220	/discussions/amazon/view/61312-exam-aws-certified-solutions-architect-associate-saa-c02/
248	46369	808221	/discussions/amazon/view/46369-exam-aws-certified-solutions-architect-associate-saa-c02/
249	35845	808222	/discussions/amazon/view/35845-exam-aws-certified-solutions-architect-associate-saa-c02/
250	35688	808223	/discussions/amazon/view/35688-exam-aws-certified-solutions-architect-associate-saa-c02/
251	35847	808224	/discussions/amazon/view/35847-exam-aws-certified-solutions-architect-associate-saa-c02/
252	35848	808225	/discussions/amazon/view/35848-exam-aws-certified-solutions-architect-associate-saa-c02/
253	35849	808226	/discussions/amazon/view/35849-exam-aws-certified-solutions-architect-associate-saa-c02/
254	35850	808227	/discussions/amazon/view/35850-exam-aws-certified-solutions-architect-associate-saa-c02/
255	35813	808228	/discussions/amazon/view/35813-exam-aws-certified-solutions-architect-associate-saa-c02/
256	35851	808229	/discussions/amazon/view/35851-exam-aws-certified-solutions-architect-associate-saa-c02/
257	35852	808230	/discussions/amazon/view/35852-exam-aws-certified-solutions-architect-associate-saa-c02/
258	35853	808231	/discussions/amazon/view/35853-exam-aws-certified-solutions-architect-associate-saa-c02/
259	35817	808232	/discussions/amazon/view/35817-exam-aws-certified-solutions-architect-associate-saa-c02/
260	35818	808233	/discussions/amazon/view/35818-exam-aws-certified-solutions-architect-associate-saa-c02/
261	35854	808234	/discussions/amazon/view/35854-exam-aws-certified-solutions-architect-associate-saa-c02/
262	35820	808235	/discussions/amazon/view/35820-exam-aws-certified-solutions-architect-associate-saa-c02/
263	35855	808236	/discussions/amazon/view/35855-exam-aws-certified-solutions-architect-associate-saa-c02/
264	46383	808237	/discussions/amazon/view/46383-exam-aws-certified-solutions-architect-associate-saa-c02/
265	35856	808238	/discussions/amazon/view/35856-exam-aws-certified-solutions-architect-associate-saa-c02/
266	35844	808239	/discussions/amazon/view/35844-exam-aws-certified-solutions-architect-associate-saa-c02/
267	35857	808240	/discussions/amazon/view/35857-exam-aws-certified-solutions-architect-associate-saa-c02/
268	35858	808241	/discussions/amazon/view/35858-exam-aws-certified-solutions-architect-associate-saa-c02/
269	35772	808242	/discussions/amazon/view/35772-exam-aws-certified-solutions-architect-associate-saa-c02/
270	35859	808243	/discussions/amazon/view/35859-exam-aws-certified-solutions-architect-associate-saa-c02/
271	35860	808244	/discussions/amazon/view/35860-exam-aws-certified-solutions-architect-associate-saa-c02/
272	35706	808245	/discussions/amazon/view/35706-exam-aws-certified-solutions-architect-associate-saa-c02/
273	43713	808246	/discussions/amazon/view/43713-exam-aws-certified-solutions-architect-associate-saa-c02/
274	43723	808247	/discussions/amazon/view/43723-exam-aws-certified-solutions-architect-associate-saa-c02/
275	43725	808248	/discussions/amazon/view/43725-exam-aws-certified-solutions-architect-associate-saa-c02/
276	43727	808249	/discussions/amazon/view/43727-exam-aws-certified-solutions-architect-associate-saa-c02/
277	43729	808250	/discussions/amazon/view/43729-exam-aws-certified-solutions-architect-associate-saa-c02/
278	43730	808251	/discussions/amazon/view/43730-exam-aws-certified-solutions-architect-associate-saa-c02/
279	43777	808252	/discussions/amazon/view/43777-exam-aws-certified-solutions-architect-associate-saa-c02/
280	43786	808253	/discussions/amazon/view/43786-exam-aws-certified-solutions-architect-associate-saa-c02/
281	43705	808254	/discussions/amazon/view/43705-exam-aws-certified-solutions-architect-associate-saa-c02/
282	43784	808255	/discussions/amazon/view/43784-exam-aws-certified-solutions-architect-associate-saa-c02/
283	43783	808256	/discussions/amazon/view/43783-exam-aws-certified-solutions-architect-associate-saa-c02/
284	43782	808257	/discussions/amazon/view/43782-exam-aws-certified-solutions-architect-associate-saa-c02/
285	43781	808258	/discussions/amazon/view/43781-exam-aws-certified-solutions-architect-associate-saa-c02/
286	43780	808259	/discussions/amazon/view/43780-exam-aws-certified-solutions-architect-associate-saa-c02/
287	43704	808260	/discussions/amazon/view/43704-exam-aws-certified-solutions-architect-associate-saa-c02/
288	43779	808261	/discussions/amazon/view/43779-exam-aws-certified-solutions-architect-associate-saa-c02/
289	43778	808262	/discussions/amazon/view/43778-exam-aws-certified-solutions-architect-associate-saa-c02/
290	43900	808263	/discussions/amazon/view/43900-exam-aws-certified-solutions-architect-associate-saa-c02/
291	43796	808264	/discussions/amazon/view/43796-exam-aws-certified-solutions-architect-associate-saa-c02/
292	43795	808265	/discussions/amazon/view/43795-exam-aws-certified-solutions-architect-associate-saa-c02/
293	43792	808266	/discussions/amazon/view/43792-exam-aws-certified-solutions-architect-associate-saa-c02/
294	43791	808267	/discussions/amazon/view/43791-exam-aws-certified-solutions-architect-associate-saa-c02/
295	43702	808268	/discussions/amazon/view/43702-exam-aws-certified-solutions-architect-associate-saa-c02/
296	43790	808269	/discussions/amazon/view/43790-exam-aws-certified-solutions-architect-associate-saa-c02/
297	43746	808270	/discussions/amazon/view/43746-exam-aws-certified-solutions-architect-associate-saa-c02/
298	43789	808271	/discussions/amazon/view/43789-exam-aws-certified-solutions-architect-associate-saa-c02/
299	43788	808272	/discussions/amazon/view/43788-exam-aws-certified-solutions-architect-associate-saa-c02/
300	43798	808273	/discussions/amazon/view/43798-exam-aws-certified-solutions-architect-associate-saa-c02/
301	43799	808274	/discussions/amazon/view/43799-exam-aws-certified-solutions-architect-associate-saa-c02/
302	43813	808275	/discussions/amazon/view/43813-exam-aws-certified-solutions-architect-associate-saa-c02/
303	43816	808276	/discussions/amazon/view/43816-exam-aws-certified-solutions-architect-associate-saa-c02/
304	43800	808277	/discussions/amazon/view/43800-exam-aws-certified-solutions-architect-associate-saa-c02/
305	46699	808278	/discussions/amazon/view/46699-exam-aws-certified-solutions-architect-associate-saa-c02/
306	46839	808279	/discussions/amazon/view/46839-exam-aws-certified-solutions-architect-associate-saa-c02/
307	46704	808280	/discussions/amazon/view/46704-exam-aws-certified-solutions-architect-associate-saa-c02/
308	46402	808281	/discussions/amazon/view/46402-exam-aws-certified-solutions-architect-associate-saa-c02/
309	67826	808282	/discussions/amazon/view/67826-exam-aws-certified-solutions-architect-associate-saa-c02/
310	46682	808283	/discussions/amazon/view/46682-exam-aws-certified-solutions-architect-associate-saa-c02/
311	46405	808284	/discussions/amazon/view/46405-exam-aws-certified-solutions-architect-associate-saa-c02/
312	46629	808285	/discussions/amazon/view/46629-exam-aws-certified-solutions-architect-associate-saa-c02/
313	46408	808286	/discussions/amazon/view/46408-exam-aws-certified-solutions-architect-associate-saa-c02/
314	46630	808287	/discussions/amazon/view/46630-exam-aws-certified-solutions-architect-associate-saa-c02/
315	46412	808288	/discussions/amazon/view/46412-exam-aws-certified-solutions-architect-associate-saa-c02/
316	46414	808289	/discussions/amazon/view/46414-exam-aws-certified-solutions-architect-associate-saa-c02/
317	46681	808290	/discussions/amazon/view/46681-exam-aws-certified-solutions-architect-associate-saa-c02/
318	46416	808291	/discussions/amazon/view/46416-exam-aws-certified-solutions-architect-associate-saa-c02/
319	46634	808292	/discussions/amazon/view/46634-exam-aws-certified-solutions-architect-associate-saa-c02/
320	46418	808293	/discussions/amazon/view/46418-exam-aws-certified-solutions-architect-associate-saa-c02/
321	46390	808294	/discussions/amazon/view/46390-exam-aws-certified-solutions-architect-associate-saa-c02/
322	61104	808295	/discussions/amazon/view/61104-exam-aws-certified-solutions-architect-associate-saa-c02/
323	46393	808296	/discussions/amazon/view/46393-exam-aws-certified-solutions-architect-associate-saa-c02/
324	46395	808297	/discussions/amazon/view/46395-exam-aws-certified-solutions-architect-associate-saa-c02/
325	46396	808298	/discussions/amazon/view/46396-exam-aws-certified-solutions-architect-associate-saa-c02/
326	46397	808299	/discussions/amazon/view/46397-exam-aws-certified-solutions-architect-associate-saa-c02/
327	46398	808300	/discussions/amazon/view/46398-exam-aws-certified-solutions-architect-associate-saa-c02/
328	46399	808301	/discussions/amazon/view/46399-exam-aws-certified-solutions-architect-associate-saa-c02/
329	46400	808302	/discussions/amazon/view/46400-exam-aws-certified-solutions-architect-associate-saa-c02/
330	46401	808303	/discussions/amazon/view/46401-exam-aws-certified-solutions-architect-associate-saa-c02/
331	46403	808304	/discussions/amazon/view/46403-exam-aws-certified-solutions-architect-associate-saa-c02/
332	46406	808305	/discussions/amazon/view/46406-exam-aws-certified-solutions-architect-associate-saa-c02/
333	46407	808306	/discussions/amazon/view/46407-exam-aws-certified-solutions-architect-associate-saa-c02/
334	46409	808307	/discussions/amazon/view/46409-exam-aws-certified-solutions-architect-associate-saa-c02/
335	46410	808308	/discussions/amazon/view/46410-exam-aws-certified-solutions-architect-associate-saa-c02/
336	46411	808309	/discussions/amazon/view/46411-exam-aws-certified-solutions-architect-associate-saa-c02/
337	46413	808310	/discussions/amazon/view/46413-exam-aws-certified-solutions-architect-associate-saa-c02/
338	46415	808311	/discussions/amazon/view/46415-exam-aws-certified-solutions-architect-associate-saa-c02/
339	46419	808312	/discussions/amazon/view/46419-exam-aws-certified-solutions-architect-associate-saa-c02/
340	46422	808313	/discussions/amazon/view/46422-exam-aws-certified-solutions-architect-associate-saa-c02/
341	46425	808314	/discussions/amazon/view/46425-exam-aws-certified-solutions-architect-associate-saa-c02/
342	46428	808315	/discussions/amazon/view/46428-exam-aws-certified-solutions-architect-associate-saa-c02/
343	46429	808316	/discussions/amazon/view/46429-exam-aws-certified-solutions-architect-associate-saa-c02/
344	46430	808317	/discussions/amazon/view/46430-exam-aws-certified-solutions-architect-associate-saa-c02/
345	46431	808318	/discussions/amazon/view/46431-exam-aws-certified-solutions-architect-associate-saa-c02/
346	46434	808319	/discussions/amazon/view/46434-exam-aws-certified-solutions-architect-associate-saa-c02/
347	46820	808320	/discussions/amazon/view/46820-exam-aws-certified-solutions-architect-associate-saa-c02/
348	46438	808321	/discussions/amazon/view/46438-exam-aws-certified-solutions-architect-associate-saa-c02/
349	46439	808322	/discussions/amazon/view/46439-exam-aws-certified-solutions-architect-associate-saa-c02/
350	46443	808323	/discussions/amazon/view/46443-exam-aws-certified-solutions-architect-associate-saa-c02/
351	46444	808324	/discussions/amazon/view/46444-exam-aws-certified-solutions-architect-associate-saa-c02/
352	46446	808325	/discussions/amazon/view/46446-exam-aws-certified-solutions-architect-associate-saa-c02/
353	46448	808326	/discussions/amazon/view/46448-exam-aws-certified-solutions-architect-associate-saa-c02/
354	46449	808327	/discussions/amazon/view/46449-exam-aws-certified-solutions-architect-associate-saa-c02/
355	46450	808328	/discussions/amazon/view/46450-exam-aws-certified-solutions-architect-associate-saa-c02/
356	46451	808329	/discussions/amazon/view/46451-exam-aws-certified-solutions-architect-associate-saa-c02/
357	46452	808330	/discussions/amazon/view/46452-exam-aws-certified-solutions-architect-associate-saa-c02/
358	46453	808331	/discussions/amazon/view/46453-exam-aws-certified-solutions-architect-associate-saa-c02/
359	46455	808332	/discussions/amazon/view/46455-exam-aws-certified-solutions-architect-associate-saa-c02/
360	46457	808333	/discussions/amazon/view/46457-exam-aws-certified-solutions-architect-associate-saa-c02/
361	46461	808334	/discussions/amazon/view/46461-exam-aws-certified-solutions-architect-associate-saa-c02/
362	46462	808335	/discussions/amazon/view/46462-exam-aws-certified-solutions-architect-associate-saa-c02/
363	46463	808336	/discussions/amazon/view/46463-exam-aws-certified-solutions-architect-associate-saa-c02/
364	46464	808337	/discussions/amazon/view/46464-exam-aws-certified-solutions-architect-associate-saa-c02/
365	46466	808338	/discussions/amazon/view/46466-exam-aws-certified-solutions-architect-associate-saa-c02/
366	46467	808339	/discussions/amazon/view/46467-exam-aws-certified-solutions-architect-associate-saa-c02/
367	46469	808340	/discussions/amazon/view/46469-exam-aws-certified-solutions-architect-associate-saa-c02/
368	46470	808341	/discussions/amazon/view/46470-exam-aws-certified-solutions-architect-associate-saa-c02/
369	46803	808342	/discussions/amazon/view/46803-exam-aws-certified-solutions-architect-associate-saa-c02/
370	46472	808343	/discussions/amazon/view/46472-exam-aws-certified-solutions-architect-associate-saa-c02/
371	46473	808344	/discussions/amazon/view/46473-exam-aws-certified-solutions-architect-associate-saa-c02/
372	46476	808345	/discussions/amazon/view/46476-exam-aws-certified-solutions-architect-associate-saa-c02/
373	46477	808346	/discussions/amazon/view/46477-exam-aws-certified-solutions-architect-associate-saa-c02/
374	46943	808347	/discussions/amazon/view/46943-exam-aws-certified-solutions-architect-associate-saa-c02/
375	47730	808348	/discussions/amazon/view/47730-exam-aws-certified-solutions-architect-associate-saa-c02/
376	46480	808349	/discussions/amazon/view/46480-exam-aws-certified-solutions-architect-associate-saa-c02/
377	46482	808350	/discussions/amazon/view/46482-exam-aws-certified-solutions-architect-associate-saa-c02/
378	46483	808351	/discussions/amazon/view/46483-exam-aws-certified-solutions-architect-associate-saa-c02/
379	46484	808352	/discussions/amazon/view/46484-exam-aws-certified-solutions-architect-associate-saa-c02/
380	46485	808353	/discussions/amazon/view/46485-exam-aws-certified-solutions-architect-associate-saa-c02/
381	46486	808354	/discussions/amazon/view/46486-exam-aws-certified-solutions-architect-associate-saa-c02/
382	46488	808355	/discussions/amazon/view/46488-exam-aws-certified-solutions-architect-associate-saa-c02/
383	46489	808356	/discussions/amazon/view/46489-exam-aws-certified-solutions-architect-associate-saa-c02/
384	46491	808357	/discussions/amazon/view/46491-exam-aws-certified-solutions-architect-associate-saa-c02/
385	46492	808358	/discussions/amazon/view/46492-exam-aws-certified-solutions-architect-associate-saa-c02/
386	46494	808359	/discussions/amazon/view/46494-exam-aws-certified-solutions-architect-associate-saa-c02/
387	46497	808360	/discussions/amazon/view/46497-exam-aws-certified-solutions-architect-associate-saa-c02/
388	47140	808361	/discussions/amazon/view/47140-exam-aws-certified-solutions-architect-associate-saa-c02/
389	47557	808362	/discussions/amazon/view/47557-exam-aws-certified-solutions-architect-associate-saa-c02/
390	46501	808363	/discussions/amazon/view/46501-exam-aws-certified-solutions-architect-associate-saa-c02/
391	46502	808364	/discussions/amazon/view/46502-exam-aws-certified-solutions-architect-associate-saa-c02/
392	46503	808365	/discussions/amazon/view/46503-exam-aws-certified-solutions-architect-associate-saa-c02/
393	47133	808366	/discussions/amazon/view/47133-exam-aws-certified-solutions-architect-associate-saa-c02/
394	46505	808367	/discussions/amazon/view/46505-exam-aws-certified-solutions-architect-associate-saa-c02/
395	46506	808368	/discussions/amazon/view/46506-exam-aws-certified-solutions-architect-associate-saa-c02/
396	46507	808369	/discussions/amazon/view/46507-exam-aws-certified-solutions-architect-associate-saa-c02/
397	46763	808370	/discussions/amazon/view/46763-exam-aws-certified-solutions-architect-associate-saa-c02/
398	69077	808371	/discussions/amazon/view/69077-exam-aws-certified-solutions-architect-associate-saa-c02/
399	46915	808372	/discussions/amazon/view/46915-exam-aws-certified-solutions-architect-associate-saa-c02/
400	46510	808373	/discussions/amazon/view/46510-exam-aws-certified-solutions-architect-associate-saa-c02/
401	46511	808374	/discussions/amazon/view/46511-exam-aws-certified-solutions-architect-associate-saa-c02/
402	46514	808375	/discussions/amazon/view/46514-exam-aws-certified-solutions-architect-associate-saa-c02/
403	46515	808376	/discussions/amazon/view/46515-exam-aws-certified-solutions-architect-associate-saa-c02/
404	46516	808377	/discussions/amazon/view/46516-exam-aws-certified-solutions-architect-associate-saa-c02/
405	46685	808378	/discussions/amazon/view/46685-exam-aws-certified-solutions-architect-associate-saa-c02/
406	46519	808379	/discussions/amazon/view/46519-exam-aws-certified-solutions-architect-associate-saa-c02/
407	46521	808380	/discussions/amazon/view/46521-exam-aws-certified-solutions-architect-associate-saa-c02/
408	46522	808381	/discussions/amazon/view/46522-exam-aws-certified-solutions-architect-associate-saa-c02/
409	46523	808382	/discussions/amazon/view/46523-exam-aws-certified-solutions-architect-associate-saa-c02/
410	46764	808383	/discussions/amazon/view/46764-exam-aws-certified-solutions-architect-associate-saa-c02/
411	80330	808384	/discussions/amazon/view/80330-exam-aws-certified-solutions-architect-associate-saa-c02/
412	46386	808385	/discussions/amazon/view/46386-exam-aws-certified-solutions-architect-associate-saa-c02/
413	46394	808386	/discussions/amazon/view/46394-exam-aws-certified-solutions-architect-associate-saa-c02/
414	46532	808387	/discussions/amazon/view/46532-exam-aws-certified-solutions-architect-associate-saa-c02/
415	46392	808388	/discussions/amazon/view/46392-exam-aws-certified-solutions-architect-associate-saa-c02/
416	46534	808389	/discussions/amazon/view/46534-exam-aws-certified-solutions-architect-associate-saa-c02/
417	46539	808390	/discussions/amazon/view/46539-exam-aws-certified-solutions-architect-associate-saa-c02/
418	80351	808391	/discussions/amazon/view/80351-exam-aws-certified-solutions-architect-associate-saa-c02/
419	46544	808392	/discussions/amazon/view/46544-exam-aws-certified-solutions-architect-associate-saa-c02/
420	46545	808393	/discussions/amazon/view/46545-exam-aws-certified-solutions-architect-associate-saa-c02/
421	46546	808394	/discussions/amazon/view/46546-exam-aws-certified-solutions-architect-associate-saa-c02/
422	46547	808395	/discussions/amazon/view/46547-exam-aws-certified-solutions-architect-associate-saa-c02/
423	51350	808396	/discussions/amazon/view/51350-exam-aws-certified-solutions-architect-associate-saa-c02/
424	51347	808397	/discussions/amazon/view/51347-exam-aws-certified-solutions-architect-associate-saa-c02/
425	51349	808398	/discussions/amazon/view/51349-exam-aws-certified-solutions-architect-associate-saa-c02/
426	51346	808399	/discussions/amazon/view/51346-exam-aws-certified-solutions-architect-associate-saa-c02/
427	51235	808400	/discussions/amazon/view/51235-exam-aws-certified-solutions-architect-associate-saa-c02/
428	51352	808401	/discussions/amazon/view/51352-exam-aws-certified-solutions-architect-associate-saa-c02/
429	51354	808402	/discussions/amazon/view/51354-exam-aws-certified-solutions-architect-associate-saa-c02/
430	51356	808403	/discussions/amazon/view/51356-exam-aws-certified-solutions-architect-associate-saa-c02/
431	51357	808404	/discussions/amazon/view/51357-exam-aws-certified-solutions-architect-associate-saa-c02/
432	51358	808405	/discussions/amazon/view/51358-exam-aws-certified-solutions-architect-associate-saa-c02/
433	51506	808406	/discussions/amazon/view/51506-exam-aws-certified-solutions-architect-associate-saa-c02/
434	51507	808407	/discussions/amazon/view/51507-exam-aws-certified-solutions-architect-associate-saa-c02/
435	51508	808408	/discussions/amazon/view/51508-exam-aws-certified-solutions-architect-associate-saa-c02/
436	51509	808409	/discussions/amazon/view/51509-exam-aws-certified-solutions-architect-associate-saa-c02/
437	51510	808410	/discussions/amazon/view/51510-exam-aws-certified-solutions-architect-associate-saa-c02/
438	51511	808411	/discussions/amazon/view/51511-exam-aws-certified-solutions-architect-associate-saa-c02/
439	51344	808412	/discussions/amazon/view/51344-exam-aws-certified-solutions-architect-associate-saa-c02/
440	53840	808413	/discussions/amazon/view/53840-exam-aws-certified-solutions-architect-associate-saa-c02/
441	53845	808414	/discussions/amazon/view/53845-exam-aws-certified-solutions-architect-associate-saa-c02/
442	53877	808415	/discussions/amazon/view/53877-exam-aws-certified-solutions-architect-associate-saa-c02/
443	53893	808416	/discussions/amazon/view/53893-exam-aws-certified-solutions-architect-associate-saa-c02/
444	53895	808417	/discussions/amazon/view/53895-exam-aws-certified-solutions-architect-associate-saa-c02/
445	53923	808418	/discussions/amazon/view/53923-exam-aws-certified-solutions-architect-associate-saa-c02/
446	53908	808419	/discussions/amazon/view/53908-exam-aws-certified-solutions-architect-associate-saa-c02/
447	53909	808420	/discussions/amazon/view/53909-exam-aws-certified-solutions-architect-associate-saa-c02/
448	53910	808421	/discussions/amazon/view/53910-exam-aws-certified-solutions-architect-associate-saa-c02/
449	53926	808422	/discussions/amazon/view/53926-exam-aws-certified-solutions-architect-associate-saa-c02/
450	53911	808423	/discussions/amazon/view/53911-exam-aws-certified-solutions-architect-associate-saa-c02/
451	53927	808424	/discussions/amazon/view/53927-exam-aws-certified-solutions-architect-associate-saa-c02/
452	54004	808425	/discussions/amazon/view/54004-exam-aws-certified-solutions-architect-associate-saa-c02/
453	53928	808426	/discussions/amazon/view/53928-exam-aws-certified-solutions-architect-associate-saa-c02/
454	53881	808427	/discussions/amazon/view/53881-exam-aws-certified-solutions-architect-associate-saa-c02/
455	53879	808428	/discussions/amazon/view/53879-exam-aws-certified-solutions-architect-associate-saa-c02/
456	53854	808429	/discussions/amazon/view/53854-exam-aws-certified-solutions-architect-associate-saa-c02/
457	53852	808430	/discussions/amazon/view/53852-exam-aws-certified-solutions-architect-associate-saa-c02/
458	59981	808431	/discussions/amazon/view/59981-exam-aws-certified-solutions-architect-associate-saa-c02/
459	59982	808432	/discussions/amazon/view/59982-exam-aws-certified-solutions-architect-associate-saa-c02/
460	59983	808433	/discussions/amazon/view/59983-exam-aws-certified-solutions-architect-associate-saa-c02/
461	59984	808434	/discussions/amazon/view/59984-exam-aws-certified-solutions-architect-associate-saa-c02/
462	59985	808435	/discussions/amazon/view/59985-exam-aws-certified-solutions-architect-associate-saa-c02/
463	60032	808436	/discussions/amazon/view/60032-exam-aws-certified-solutions-architect-associate-saa-c02/
464	59959	808437	/discussions/amazon/view/59959-exam-aws-certified-solutions-architect-associate-saa-c02/
465	59958	808438	/discussions/amazon/view/59958-exam-aws-certified-solutions-architect-associate-saa-c02/
466	60023	808439	/discussions/amazon/view/60023-exam-aws-certified-solutions-architect-associate-saa-c02/
467	60035	808440	/discussions/amazon/view/60035-exam-aws-certified-solutions-architect-associate-saa-c02/
468	60036	808441	/discussions/amazon/view/60036-exam-aws-certified-solutions-architect-associate-saa-c02/
469	59961	808442	/discussions/amazon/view/59961-exam-aws-certified-solutions-architect-associate-saa-c02/
470	59960	808443	/discussions/amazon/view/59960-exam-aws-certified-solutions-architect-associate-saa-c02/
471	60039	808444	/discussions/amazon/view/60039-exam-aws-certified-solutions-architect-associate-saa-c02/
472	59967	808445	/discussions/amazon/view/59967-exam-aws-certified-solutions-architect-associate-saa-c02/
473	60040	808446	/discussions/amazon/view/60040-exam-aws-certified-solutions-architect-associate-saa-c02/
474	60041	808447	/discussions/amazon/view/60041-exam-aws-certified-solutions-architect-associate-saa-c02/
475	60042	808448	/discussions/amazon/view/60042-exam-aws-certified-solutions-architect-associate-saa-c02/
476	60046	808449	/discussions/amazon/view/60046-exam-aws-certified-solutions-architect-associate-saa-c02/
477	59966	808450	/discussions/amazon/view/59966-exam-aws-certified-solutions-architect-associate-saa-c02/
478	59986	808451	/discussions/amazon/view/59986-exam-aws-certified-solutions-architect-associate-saa-c02/
479	59968	808452	/discussions/amazon/view/59968-exam-aws-certified-solutions-architect-associate-saa-c02/
480	60048	808453	/discussions/amazon/view/60048-exam-aws-certified-solutions-architect-associate-saa-c02/
481	61077	808454	/discussions/amazon/view/61077-exam-aws-certified-solutions-architect-associate-saa-c02/
482	61142	808455	/discussions/amazon/view/61142-exam-aws-certified-solutions-architect-associate-saa-c02/
483	61145	808456	/discussions/amazon/view/61145-exam-aws-certified-solutions-architect-associate-saa-c02/
484	61146	808457	/discussions/amazon/view/61146-exam-aws-certified-solutions-architect-associate-saa-c02/
485	61147	808458	/discussions/amazon/view/61147-exam-aws-certified-solutions-architect-associate-saa-c02/
486	61080	808459	/discussions/amazon/view/61080-exam-aws-certified-solutions-architect-associate-saa-c02/
487	61161	808460	/discussions/amazon/view/61161-exam-aws-certified-solutions-architect-associate-saa-c02/
488	61212	808461	/discussions/amazon/view/61212-exam-aws-certified-solutions-architect-associate-saa-c02/
489	61162	808462	/discussions/amazon/view/61162-exam-aws-certified-solutions-architect-associate-saa-c02/
490	61082	808463	/discussions/amazon/view/61082-exam-aws-certified-solutions-architect-associate-saa-c02/
491	61062	808464	/discussions/amazon/view/61062-exam-aws-certified-solutions-architect-associate-saa-c02/
492	61063	808465	/discussions/amazon/view/61063-exam-aws-certified-solutions-architect-associate-saa-c02/
493	61066	808466	/discussions/amazon/view/61066-exam-aws-certified-solutions-architect-associate-saa-c02/
494	61067	808467	/discussions/amazon/view/61067-exam-aws-certified-solutions-architect-associate-saa-c02/
495	61069	808468	/discussions/amazon/view/61069-exam-aws-certified-solutions-architect-associate-saa-c02/
496	61070	808469	/discussions/amazon/view/61070-exam-aws-certified-solutions-architect-associate-saa-c02/
497	61071	808470	/discussions/amazon/view/61071-exam-aws-certified-solutions-architect-associate-saa-c02/
498	61072	808471	/discussions/amazon/view/61072-exam-aws-certified-solutions-architect-associate-saa-c02/
499	61073	808472	/discussions/amazon/view/61073-exam-aws-certified-solutions-architect-associate-saa-c02/
500	61074	808473	/discussions/amazon/view/61074-exam-aws-certified-solutions-architect-associate-saa-c02/
501	61041	808474	/discussions/amazon/view/61041-exam-aws-certified-solutions-architect-associate-saa-c02/
502	61056	808475	/discussions/amazon/view/61056-exam-aws-certified-solutions-architect-associate-saa-c02/
503	61058	808476	/discussions/amazon/view/61058-exam-aws-certified-solutions-architect-associate-saa-c02/
504	61040	808477	/discussions/amazon/view/61040-exam-aws-certified-solutions-architect-associate-saa-c02/
505	61039	808478	/discussions/amazon/view/61039-exam-aws-certified-solutions-architect-associate-saa-c02/
506	67879	808479	/discussions/amazon/view/67879-exam-aws-certified-solutions-architect-associate-saa-c02/
507	67999	808480	/discussions/amazon/view/67999-exam-aws-certified-solutions-architect-associate-saa-c02/
508	67846	808481	/discussions/amazon/view/67846-exam-aws-certified-solutions-architect-associate-saa-c02/
509	67897	808482	/discussions/amazon/view/67897-exam-aws-certified-solutions-architect-associate-saa-c02/
510	68875	808483	/discussions/amazon/view/68875-exam-aws-certified-solutions-architect-associate-saa-c02/
511	67871	808484	/discussions/amazon/view/67871-exam-aws-certified-solutions-architect-associate-saa-c02/
512	68070	808485	/discussions/amazon/view/68070-exam-aws-certified-solutions-architect-associate-saa-c02/
513	67968	808486	/discussions/amazon/view/67968-exam-aws-certified-solutions-architect-associate-saa-c02/
514	68023	808487	/discussions/amazon/view/68023-exam-aws-certified-solutions-architect-associate-saa-c02/
515	67967	808488	/discussions/amazon/view/67967-exam-aws-certified-solutions-architect-associate-saa-c02/
516	68057	808489	/discussions/amazon/view/68057-exam-aws-certified-solutions-architect-associate-saa-c02/
517	68056	808490	/discussions/amazon/view/68056-exam-aws-certified-solutions-architect-associate-saa-c02/
518	68246	808491	/discussions/amazon/view/68246-exam-aws-certified-solutions-architect-associate-saa-c02/
519	68072	808492	/discussions/amazon/view/68072-exam-aws-certified-solutions-architect-associate-saa-c02/
520	67834	808493	/discussions/amazon/view/67834-exam-aws-certified-solutions-architect-associate-saa-c02/
521	68034	808494	/discussions/amazon/view/68034-exam-aws-certified-solutions-architect-associate-saa-c02/
522	67936	808495	/discussions/amazon/view/67936-exam-aws-certified-solutions-architect-associate-saa-c02/
523	67989	808496	/discussions/amazon/view/67989-exam-aws-certified-solutions-architect-associate-saa-c02/
524	68069	808497	/discussions/amazon/view/68069-exam-aws-certified-solutions-architect-associate-saa-c02/
525	68022	808498	/discussions/amazon/view/68022-exam-aws-certified-solutions-architect-associate-saa-c02/
526	68035	808499	/discussions/amazon/view/68035-exam-aws-certified-solutions-architect-associate-saa-c02/
527	67932	808500	/discussions/amazon/view/67932-exam-aws-certified-solutions-architect-associate-saa-c02/
528	67958	808501	/discussions/amazon/view/67958-exam-aws-certified-solutions-architect-associate-saa-c02/
529	67840	808502	/discussions/amazon/view/67840-exam-aws-certified-solutions-architect-associate-saa-c02/
530	67783	808503	/discussions/amazon/view/67783-exam-aws-certified-solutions-architect-associate-saa-c02/
531	67959	808504	/discussions/amazon/view/67959-exam-aws-certified-solutions-architect-associate-saa-c02/
532	67693	808505	/discussions/amazon/view/67693-exam-aws-certified-solutions-architect-associate-saa-c02/
533	67694	808506	/discussions/amazon/view/67694-exam-aws-certified-solutions-architect-associate-saa-c02/
534	67899	808507	/discussions/amazon/view/67899-exam-aws-certified-solutions-architect-associate-saa-c02/
535	67771	808508	/discussions/amazon/view/67771-exam-aws-certified-solutions-architect-associate-saa-c02/
536	67881	808509	/discussions/amazon/view/67881-exam-aws-certified-solutions-architect-associate-saa-c02/
537	67870	808510	/discussions/amazon/view/67870-exam-aws-certified-solutions-architect-associate-saa-c02/
538	67998	808511	/discussions/amazon/view/67998-exam-aws-certified-solutions-architect-associate-saa-c02/
539	67844	808512	/discussions/amazon/view/67844-exam-aws-certified-solutions-architect-associate-saa-c02/
540	68089	808513	/discussions/amazon/view/68089-exam-aws-certified-solutions-architect-associate-saa-c02/
541	68306	808514	/discussions/amazon/view/68306-exam-aws-certified-solutions-architect-associate-saa-c02/
542	67775	808515	/discussions/amazon/view/67775-exam-aws-certified-solutions-architect-associate-saa-c02/
543	68946	808516	/discussions/amazon/view/68946-exam-aws-certified-solutions-architect-associate-saa-c02/
544	68947	808517	/discussions/amazon/view/68947-exam-aws-certified-solutions-architect-associate-saa-c02/
545	68951	808518	/discussions/amazon/view/68951-exam-aws-certified-solutions-architect-associate-saa-c02/
546	68952	808519	/discussions/amazon/view/68952-exam-aws-certified-solutions-architect-associate-saa-c02/
547	68955	808520	/discussions/amazon/view/68955-exam-aws-certified-solutions-architect-associate-saa-c02/
548	68910	808521	/discussions/amazon/view/68910-exam-aws-certified-solutions-architect-associate-saa-c02/
549	68959	808522	/discussions/amazon/view/68959-exam-aws-certified-solutions-architect-associate-saa-c02/
550	68961	808523	/discussions/amazon/view/68961-exam-aws-certified-solutions-architect-associate-saa-c02/
551	68962	808524	/discussions/amazon/view/68962-exam-aws-certified-solutions-architect-associate-saa-c02/
552	68965	808525	/discussions/amazon/view/68965-exam-aws-certified-solutions-architect-associate-saa-c02/
553	68967	808526	/discussions/amazon/view/68967-exam-aws-certified-solutions-architect-associate-saa-c02/
554	68917	808527	/discussions/amazon/view/68917-exam-aws-certified-solutions-architect-associate-saa-c02/
555	68970	808528	/discussions/amazon/view/68970-exam-aws-certified-solutions-architect-associate-saa-c02/
556	68990	808529	/discussions/amazon/view/68990-exam-aws-certified-solutions-architect-associate-saa-c02/
557	68833	808530	/discussions/amazon/view/68833-exam-aws-certified-solutions-architect-associate-saa-c02/
558	68971	808531	/discussions/amazon/view/68971-exam-aws-certified-solutions-architect-associate-saa-c02/
559	69021	808532	/discussions/amazon/view/69021-exam-aws-certified-solutions-architect-associate-saa-c02/
560	68994	808533	/discussions/amazon/view/68994-exam-aws-certified-solutions-architect-associate-saa-c02/
561	68995	808534	/discussions/amazon/view/68995-exam-aws-certified-solutions-architect-associate-saa-c02/
562	68996	808535	/discussions/amazon/view/68996-exam-aws-certified-solutions-architect-associate-saa-c02/
563	68997	808536	/discussions/amazon/view/68997-exam-aws-certified-solutions-architect-associate-saa-c02/
564	68998	808537	/discussions/amazon/view/68998-exam-aws-certified-solutions-architect-associate-saa-c02/
565	68999	808538	/discussions/amazon/view/68999-exam-aws-certified-solutions-architect-associate-saa-c02/
566	68927	808539	/discussions/amazon/view/68927-exam-aws-certified-solutions-architect-associate-saa-c02/
567	69000	808540	/discussions/amazon/view/69000-exam-aws-certified-solutions-architect-associate-saa-c02/
568	69003	808541	/discussions/amazon/view/69003-exam-aws-certified-solutions-architect-associate-saa-c02/
569	69004	808542	/discussions/amazon/view/69004-exam-aws-certified-solutions-architect-associate-saa-c02/
570	69005	808543	/discussions/amazon/view/69005-exam-aws-certified-solutions-architect-associate-saa-c02/
571	68931	808544	/discussions/amazon/view/68931-exam-aws-certified-solutions-architect-associate-saa-c02/
572	69002	808545	/discussions/amazon/view/69002-exam-aws-certified-solutions-architect-associate-saa-c02/
573	68993	808546	/discussions/amazon/view/68993-exam-aws-certified-solutions-architect-associate-saa-c02/
574	68991	808547	/discussions/amazon/view/68991-exam-aws-certified-solutions-architect-associate-saa-c02/
575	68933	808548	/discussions/amazon/view/68933-exam-aws-certified-solutions-architect-associate-saa-c02/
576	83752	808549	/discussions/amazon/view/83752-exam-aws-certified-solutions-architect-associate-saa-c02/
577	80937	808550	/discussions/amazon/view/80937-exam-aws-certified-solutions-architect-associate-saa-c02/
578	80738	808551	/discussions/amazon/view/80738-exam-aws-certified-solutions-architect-associate-saa-c02/
579	80737	808552	/discussions/amazon/view/80737-exam-aws-certified-solutions-architect-associate-saa-c02/
580	80735	808553	/discussions/amazon/view/80735-exam-aws-certified-solutions-architect-associate-saa-c02/
581	80734	808554	/discussions/amazon/view/80734-exam-aws-certified-solutions-architect-associate-saa-c02/
582	80742	808555	/discussions/amazon/view/80742-exam-aws-certified-solutions-architect-associate-saa-c02/
583	80753	808556	/discussions/amazon/view/80753-exam-aws-certified-solutions-architect-associate-saa-c02/
584	80755	808557	/discussions/amazon/view/80755-exam-aws-certified-solutions-architect-associate-saa-c02/
585	80951	808558	/discussions/amazon/view/80951-exam-aws-certified-solutions-architect-associate-saa-c02/
586	80761	808559	/discussions/amazon/view/80761-exam-aws-certified-solutions-architect-associate-saa-c02/
587	80953	808560	/discussions/amazon/view/80953-exam-aws-certified-solutions-architect-associate-saa-c02/
588	80764	808561	/discussions/amazon/view/80764-exam-aws-certified-solutions-architect-associate-saa-c02/
589	80766	808562	/discussions/amazon/view/80766-exam-aws-certified-solutions-architect-associate-saa-c02/
590	80954	808563	/discussions/amazon/view/80954-exam-aws-certified-solutions-architect-associate-saa-c02/
591	80772	808564	/discussions/amazon/view/80772-exam-aws-certified-solutions-architect-associate-saa-c02/
592	81698	808565	/discussions/amazon/view/81698-exam-aws-certified-solutions-architect-associate-saa-c02/
593	80956	808566	/discussions/amazon/view/80956-exam-aws-certified-solutions-architect-associate-saa-c02/
594	82018	808567	/discussions/amazon/view/82018-exam-aws-certified-solutions-architect-associate-saa-c02/
595	82020	808568	/discussions/amazon/view/82020-exam-aws-certified-solutions-architect-associate-saa-c02/
596	81927	808569	/discussions/amazon/view/81927-exam-aws-certified-solutions-architect-associate-saa-c02/
597	81928	808570	/discussions/amazon/view/81928-exam-aws-certified-solutions-architect-associate-saa-c02/
598	82022	808571	/discussions/amazon/view/82022-exam-aws-certified-solutions-architect-associate-saa-c02/
599	80958	808572	/discussions/amazon/view/80958-exam-aws-certified-solutions-architect-associate-saa-c02/
600	82258	808573	/discussions/amazon/view/82258-exam-aws-certified-solutions-architect-associate-saa-c02/
601	82259	808574	/discussions/amazon/view/82259-exam-aws-certified-solutions-architect-associate-saa-c02/
602	82263	808575	/discussions/amazon/view/82263-exam-aws-certified-solutions-architect-associate-saa-c02/
603	81073	808576	/discussions/amazon/view/81073-exam-aws-certified-solutions-architect-associate-saa-c02/
604	81074	808577	/discussions/amazon/view/81074-exam-aws-certified-solutions-architect-associate-saa-c02/
605	82317	808578	/discussions/amazon/view/82317-exam-aws-certified-solutions-architect-associate-saa-c02/
606	82268	808579	/discussions/amazon/view/82268-exam-aws-certified-solutions-architect-associate-saa-c02/
607	81076	808580	/discussions/amazon/view/81076-exam-aws-certified-solutions-architect-associate-saa-c02/
608	81077	808581	/discussions/amazon/view/81077-exam-aws-certified-solutions-architect-associate-saa-c02/
609	81078	808582	/discussions/amazon/view/81078-exam-aws-certified-solutions-architect-associate-saa-c02/
610	81079	808583	/discussions/amazon/view/81079-exam-aws-certified-solutions-architect-associate-saa-c02/
611	81080	808584	/discussions/amazon/view/81080-exam-aws-certified-solutions-architect-associate-saa-c02/
612	81081	808585	/discussions/amazon/view/81081-exam-aws-certified-solutions-architect-associate-saa-c02/
613	82320	808586	/discussions/amazon/view/82320-exam-aws-certified-solutions-architect-associate-saa-c02/
614	81082	808587	/discussions/amazon/view/81082-exam-aws-certified-solutions-architect-associate-saa-c02/
615	83189	808588	/discussions/amazon/view/83189-exam-aws-certified-solutions-architect-associate-saa-c02/
616	81085	808589	/discussions/amazon/view/81085-exam-aws-certified-solutions-architect-associate-saa-c02/
617	81086	808590	/discussions/amazon/view/81086-exam-aws-certified-solutions-architect-associate-saa-c02/
618	82400	808591	/discussions/amazon/view/82400-exam-aws-certified-solutions-architect-associate-saa-c02/
619	82401	808592	/discussions/amazon/view/82401-exam-aws-certified-solutions-architect-associate-saa-c02/
620	81087	808593	/discussions/amazon/view/81087-exam-aws-certified-solutions-architect-associate-saa-c02/
621	84078	808594	/discussions/amazon/view/84078-exam-aws-certified-solutions-architect-associate-saa-c02/
622	82431	808595	/discussions/amazon/view/82431-exam-aws-certified-solutions-architect-associate-saa-c02/
623	81090	808596	/discussions/amazon/view/81090-exam-aws-certified-solutions-architect-associate-saa-c02/
624	81092	808597	/discussions/amazon/view/81092-exam-aws-certified-solutions-architect-associate-saa-c02/
625	81093	808598	/discussions/amazon/view/81093-exam-aws-certified-solutions-architect-associate-saa-c02/
626	81098	808599	/discussions/amazon/view/81098-exam-aws-certified-solutions-architect-associate-saa-c02/
627	81100	808600	/discussions/amazon/view/81100-exam-aws-certified-solutions-architect-associate-saa-c02/
628	81102	808601	/discussions/amazon/view/81102-exam-aws-certified-solutions-architect-associate-saa-c02/
629	81103	808602	/discussions/amazon/view/81103-exam-aws-certified-solutions-architect-associate-saa-c02/
630	81104	808603	/discussions/amazon/view/81104-exam-aws-certified-solutions-architect-associate-saa-c02/
631	82324	808604	/discussions/amazon/view/82324-exam-aws-certified-solutions-architect-associate-saa-c02/
632	82325	808605	/discussions/amazon/view/82325-exam-aws-certified-solutions-architect-associate-saa-c02/
633	82792	808606	/discussions/amazon/view/82792-exam-aws-certified-solutions-architect-associate-saa-c02/
634	81115	808607	/discussions/amazon/view/81115-exam-aws-certified-solutions-architect-associate-saa-c02/
635	82797	808608	/discussions/amazon/view/82797-exam-aws-certified-solutions-architect-associate-saa-c02/
636	84222	808609	/discussions/amazon/view/84222-exam-aws-certified-solutions-architect-associate-saa-c02/
637	81175	808610	/discussions/amazon/view/81175-exam-aws-certified-solutions-architect-associate-saa-c02/
638	82811	808611	/discussions/amazon/view/82811-exam-aws-certified-solutions-architect-associate-saa-c02/
639	81182	808612	/discussions/amazon/view/81182-exam-aws-certified-solutions-architect-associate-saa-c02/
640	82328	808613	/discussions/amazon/view/82328-exam-aws-certified-solutions-architect-associate-saa-c02/
641	82906	808614	/discussions/amazon/view/82906-exam-aws-certified-solutions-architect-associate-saa-c02/
642	84228	808615	/discussions/amazon/view/84228-exam-aws-certified-solutions-architect-associate-saa-c02/
643	81186	808616	/discussions/amazon/view/81186-exam-aws-certified-solutions-architect-associate-saa-c02/
644	81188	808617	/discussions/amazon/view/81188-exam-aws-certified-solutions-architect-associate-saa-c02/
645	81190	808618	/discussions/amazon/view/81190-exam-aws-certified-solutions-architect-associate-saa-c02/
646	82484	808619	/discussions/amazon/view/82484-exam-aws-certified-solutions-architect-associate-saa-c02/
647	81194	808620	/discussions/amazon/view/81194-exam-aws-certified-solutions-architect-associate-saa-c02/
648	82969	808621	/discussions/amazon/view/82969-exam-aws-certified-solutions-architect-associate-saa-c02/
649	81197	808622	/discussions/amazon/view/81197-exam-aws-certified-solutions-architect-associate-saa-c02/
650	81200	808623	/discussions/amazon/view/81200-exam-aws-certified-solutions-architect-associate-saa-c02/
651	81297	808624	/discussions/amazon/view/81297-exam-aws-certified-solutions-architect-associate-saa-c02/
652	84249	808625	/discussions/amazon/view/84249-exam-aws-certified-solutions-architect-associate-saa-c02/
653	81298	808626	/discussions/amazon/view/81298-exam-aws-certified-solutions-architect-associate-saa-c02/
654	81299	808627	/discussions/amazon/view/81299-exam-aws-certified-solutions-architect-associate-saa-c02/
655	81300	808628	/discussions/amazon/view/81300-exam-aws-certified-solutions-architect-associate-saa-c02/
656	81301	808629	/discussions/amazon/view/81301-exam-aws-certified-solutions-architect-associate-saa-c02/
657	82490	808630	/discussions/amazon/view/82490-exam-aws-certified-solutions-architect-associate-saa-c02/
658	81302	808631	/discussions/amazon/view/81302-exam-aws-certified-solutions-architect-associate-saa-c02/
659	82971	808632	/discussions/amazon/view/82971-exam-aws-certified-solutions-architect-associate-saa-c02/
660	82972	808633	/discussions/amazon/view/82972-exam-aws-certified-solutions-architect-associate-saa-c02/
661	81304	808634	/discussions/amazon/view/81304-exam-aws-certified-solutions-architect-associate-saa-c02/
662	83124	808635	/discussions/amazon/view/83124-exam-aws-certified-solutions-architect-associate-saa-c02/
663	84282	808636	/discussions/amazon/view/84282-exam-aws-certified-solutions-architect-associate-saa-c02/
664	84287	808637	/discussions/amazon/view/84287-exam-aws-certified-solutions-architect-associate-saa-c02/
665	81305	808638	/discussions/amazon/view/81305-exam-aws-certified-solutions-architect-associate-saa-c02/
666	81307	808639	/discussions/amazon/view/81307-exam-aws-certified-solutions-architect-associate-saa-c02/
667	84294	808640	/discussions/amazon/view/84294-exam-aws-certified-solutions-architect-associate-saa-c02/
668	88475	808641	/discussions/amazon/view/88475-exam-aws-certified-solutions-architect-associate-saa-c02/
669	87642	808642	/discussions/amazon/view/87642-exam-aws-certified-solutions-architect-associate-saa-c02/
670	81314	808643	/discussions/amazon/view/81314-exam-aws-certified-solutions-architect-associate-saa-c02/
671	81315	808644	/discussions/amazon/view/81315-exam-aws-certified-solutions-architect-associate-saa-c02/
672	83281	808645	/discussions/amazon/view/83281-exam-aws-certified-solutions-architect-associate-saa-c02/
673	81317	808646	/discussions/amazon/view/81317-exam-aws-certified-solutions-architect-associate-saa-c02/
674	84314	808647	/discussions/amazon/view/84314-exam-aws-certified-solutions-architect-associate-saa-c02/
675	81319	808648	/discussions/amazon/view/81319-exam-aws-certified-solutions-architect-associate-saa-c02/
676	53849	808649	/discussions/amazon/view/53849-exam-aws-certified-solutions-architect-associate-saa-c02/
677	83285	808650	/discussions/amazon/view/83285-exam-aws-certified-solutions-architect-associate-saa-c02/
678	81327	808651	/discussions/amazon/view/81327-exam-aws-certified-solutions-architect-associate-saa-c02/
679	84315	808652	/discussions/amazon/view/84315-exam-aws-certified-solutions-architect-associate-saa-c02/
680	84407	808653	/discussions/amazon/view/84407-exam-aws-certified-solutions-architect-associate-saa-c02/
681	82499	808654	/discussions/amazon/view/82499-exam-aws-certified-solutions-architect-associate-saa-c02/
682	84409	808655	/discussions/amazon/view/84409-exam-aws-certified-solutions-architect-associate-saa-c02/
683	111102	808656	/discussions/amazon/view/111102-exam-aws-certified-solutions-architect-associate-saa-c02/
684	111103	808657	/discussions/amazon/view/111103-exam-aws-certified-solutions-architect-associate-saa-c02/
685	83199	808658	/discussions/amazon/view/83199-exam-aws-certified-solutions-architect-associate-saa-c02/
686	81340	808659	/discussions/amazon/view/81340-exam-aws-certified-solutions-architect-associate-saa-c02/
687	82504	808660	/discussions/amazon/view/82504-exam-aws-certified-solutions-architect-associate-saa-c02/
688	81343	808661	/discussions/amazon/view/81343-exam-aws-certified-solutions-architect-associate-saa-c02/
689	0	808662	/discussions/amazon/view/0-exam-aws-certified-solutions-architect-associate-saa-c02/
690	84360	808663	/discussions/amazon/view/84360-exam-aws-certified-solutions-architect-associate-saa-c02/
691	81354	808664	/discussions/amazon/view/81354-exam-aws-certified-solutions-architect-associate-saa-c02/
692	81356	808665	/discussions/amazon/view/81356-exam-aws-certified-solutions-architect-associate-saa-c02/
693	90061	808666	/discussions/amazon/view/90061-exam-aws-certified-solutions-architect-associate-saa-c02/
694	83197	808667	/discussions/amazon/view/83197-exam-aws-certified-solutions-architect-associate-saa-c02/
695	90062	808668	/discussions/amazon/view/90062-exam-aws-certified-solutions-architect-associate-saa-c02/
696	84480	808669	/discussions/amazon/view/84480-exam-aws-certified-solutions-architect-associate-saa-c02/
697	82508	808670	/discussions/amazon/view/82508-exam-aws-certified-solutions-architect-associate-saa-c02/
698	87682	808671	/discussions/amazon/view/87682-exam-aws-certified-solutions-architect-associate-saa-c02/
699	0	808672	/discussions/amazon/view/0-exam-aws-certified-solutions-architect-associate-saa-c02/
700	105217	808673	/discussions/amazon/view/105217-exam-aws-certified-solutions-architect-associate-saa-c02/
701	83981	808674	/discussions/amazon/view/83981-exam-aws-certified-solutions-architect-associate-saa-c02/
702	83982	808675	/discussions/amazon/view/83982-exam-aws-certified-solutions-architect-associate-saa-c02/
703	83765	808676	/discussions/amazon/view/83765-exam-aws-certified-solutions-architect-associate-saa-c02/
704	0	808677	/discussions/amazon/view/0-exam-aws-certified-solutions-architect-associate-saa-c02/
705	83301	808678	/discussions/amazon/view/83301-exam-aws-certified-solutions-architect-associate-saa-c02/
706	90064	808679	/discussions/amazon/view/90064-exam-aws-certified-solutions-architect-associate-saa-c02/
707	81422	808680	/discussions/amazon/view/81422-exam-aws-certified-solutions-architect-associate-saa-c02/
708	83984	808681	/discussions/amazon/view/83984-exam-aws-certified-solutions-architect-associate-saa-c02/
709	81423	808682	/discussions/amazon/view/81423-exam-aws-certified-solutions-architect-associate-saa-c02/
710	83067	808683	/discussions/amazon/view/83067-exam-aws-certified-solutions-architect-associate-saa-c02/
711	81425	808684	/discussions/amazon/view/81425-exam-aws-certified-solutions-architect-associate-saa-c02/
712	81427	808685	/discussions/amazon/view/81427-exam-aws-certified-solutions-architect-associate-saa-c02/
713	0	808686	/discussions/amazon/view/0-exam-aws-certified-solutions-architect-associate-saa-c02/
714	84374	808687	/discussions/amazon/view/84374-exam-aws-certified-solutions-architect-associate-saa-c02/
715	81431	808688	/discussions/amazon/view/81431-exam-aws-certified-solutions-architect-associate-saa-c02/
716	84686	808689	/discussions/amazon/view/84686-exam-aws-certified-solutions-architect-associate-saa-c02/
717	84375	808690	/discussions/amazon/view/84375-exam-aws-certified-solutions-architect-associate-saa-c02/
718	84142	808691	/discussions/amazon/view/84142-exam-aws-certified-solutions-architect-associate-saa-c02/
719	0	808692	/discussions/amazon/view/0-exam-aws-certified-solutions-architect-associate-saa-c02/
720	0	808693	/discussions/amazon/view/0-exam-aws-certified-solutions-architect-associate-saa-c02/
721	81432	808694	/discussions/amazon/view/81432-exam-aws-certified-solutions-architect-associate-saa-c02/
722	83096	808695	/discussions/amazon/view/83096-exam-aws-certified-solutions-architect-associate-saa-c02/
723	85276	808696	/discussions/amazon/view/85276-exam-aws-certified-solutions-architect-associate-saa-c02/
724	81434	808697	/discussions/amazon/view/81434-exam-aws-certified-solutions-architect-associate-saa-c02/
725	0	808698	/discussions/amazon/view/0-exam-aws-certified-solutions-architect-associate-saa-c02/
726	0	808699	/discussions/amazon/view/0-exam-aws-certified-solutions-architect-associate-saa-c02/
727	85602	808700	/discussions/amazon/view/85602-exam-aws-certified-solutions-architect-associate-saa-c02/
728	87865	808701	/discussions/amazon/view/87865-exam-aws-certified-solutions-architect-associate-saa-c02/
729	96577	808702	/discussions/amazon/view/96577-exam-aws-certified-solutions-architect-associate-saa-c02/
730	111112	808703	/discussions/amazon/view/111112-exam-aws-certified-solutions-architect-associate-saa-c02/
731	87927	808704	/discussions/amazon/view/87927-exam-aws-certified-solutions-architect-associate-saa-c02/
732	81439	808705	/discussions/amazon/view/81439-exam-aws-certified-solutions-architect-associate-saa-c02/
733	0	808706	/discussions/amazon/view/0-exam-aws-certified-solutions-architect-associate-saa-c02/
734	0	808707	/discussions/amazon/view/0-exam-aws-certified-solutions-architect-associate-saa-c02/
735	84689	808708	/discussions/amazon/view/84689-exam-aws-certified-solutions-architect-associate-saa-c02/
736	81440	808709	/discussions/amazon/view/81440-exam-aws-certified-solutions-architect-associate-saa-c02/
737	83890	808710	/discussions/amazon/view/83890-exam-aws-certified-solutions-architect-associate-saa-c02/
738	0	808711	/discussions/amazon/view/0-exam-aws-certified-solutions-architect-associate-saa-c02/
739	111115	808712	/discussions/amazon/view/111115-exam-aws-certified-solutions-architect-associate-saa-c02/
740	87932	808713	/discussions/amazon/view/87932-exam-aws-certified-solutions-architect-associate-saa-c02/
741	99382	808714	/discussions/amazon/view/99382-exam-aws-certified-solutions-architect-associate-saa-c02/
742	99381	808715	/discussions/amazon/view/99381-exam-aws-certified-solutions-architect-associate-saa-c02/
743	98427	808716	/discussions/amazon/view/98427-exam-aws-certified-solutions-architect-associate-saa-c02/
744	99383	808717	/discussions/amazon/view/99383-exam-aws-certified-solutions-architect-associate-saa-c02/
745	99384	808718	/discussions/amazon/view/99384-exam-aws-certified-solutions-architect-associate-saa-c02/
746	84800	808719	/discussions/amazon/view/84800-exam-aws-certified-solutions-architect-associate-saa-c02/
747	99385	808720	/discussions/amazon/view/99385-exam-aws-certified-solutions-architect-associate-saa-c02/
748	81445	808721	/discussions/amazon/view/81445-exam-aws-certified-solutions-architect-associate-saa-c02/
749	0	808722	/discussions/amazon/view/0-exam-aws-certified-solutions-architect-associate-saa-c02/
750	93188	808723	/discussions/amazon/view/93188-exam-aws-certified-solutions-architect-associate-saa-c02/
751	81446	808724	/discussions/amazon/view/81446-exam-aws-certified-solutions-architect-associate-saa-c02/
752	111117	808725	/discussions/amazon/view/111117-exam-aws-certified-solutions-architect-associate-saa-c02/
753	85587	808726	/discussions/amazon/view/85587-exam-aws-certified-solutions-architect-associate-saa-c02/
754	85590	808727	/discussions/amazon/view/85590-exam-aws-certified-solutions-architect-associate-saa-c02/
755	0	808728	/discussions/amazon/view/0-exam-aws-certified-solutions-architect-associate-saa-c02/
756	100868	808729	/discussions/amazon/view/100868-exam-aws-certified-solutions-architect-associate-saa-c02/
757	83867	808730	/discussions/amazon/view/83867-exam-aws-certified-solutions-architect-associate-saa-c02/
758	83860	808731	/discussions/amazon/view/83860-exam-aws-certified-solutions-architect-associate-saa-c02/
759	0	808732	/discussions/amazon/view/0-exam-aws-certified-solutions-architect-associate-saa-c02/
760	85313	808733	/discussions/amazon/view/85313-exam-aws-certified-solutions-architect-associate-saa-c02/
761	86458	808734	/discussions/amazon/view/86458-exam-aws-certified-solutions-architect-associate-saa-c02/
762	111118	808735	/discussions/amazon/view/111118-exam-aws-certified-solutions-architect-associate-saa-c02/
763	0	808736	/discussions/amazon/view/0-exam-aws-certified-solutions-architect-associate-saa-c02/
764	111186	808737	/discussions/amazon/view/111186-exam-aws-certified-solutions-architect-associate-saa-c02/
765	81486	808738	/discussions/amazon/view/81486-exam-aws-certified-solutions-architect-associate-saa-c02/
766	93042	808739	/discussions/amazon/view/93042-exam-aws-certified-solutions-architect-associate-saa-c02/
767	0	808740	/discussions/amazon/view/0-exam-aws-certified-solutions-architect-associate-saa-c02/
768	0	808741	/discussions/amazon/view/0-exam-aws-certified-solutions-architect-associate-saa-c02/
769	86208	808742	/discussions/amazon/view/86208-exam-aws-certified-solutions-architect-associate-saa-c02/
770	88030	808743	/discussions/amazon/view/88030-exam-aws-certified-solutions-architect-associate-saa-c02/
771	0	808744	/discussions/amazon/view/0-exam-aws-certified-solutions-architect-associate-saa-c02/
772	0	808745	/discussions/amazon/view/0-exam-aws-certified-solutions-architect-associate-saa-c02/
773	85579	808746	/discussions/amazon/view/85579-exam-aws-certified-solutions-architect-associate-saa-c02/
774	82683	808747	/discussions/amazon/view/82683-exam-aws-certified-solutions-architect-associate-saa-c02/
775	0	808748	/discussions/amazon/view/0-exam-aws-certified-solutions-architect-associate-saa-c02/
776	111189	808749	/discussions/amazon/view/111189-exam-aws-certified-solutions-architect-associate-saa-c02/
777	84533	808750	/discussions/amazon/view/84533-exam-aws-certified-solutions-architect-associate-saa-c02/
778	83857	808751	/discussions/amazon/view/83857-exam-aws-certified-solutions-architect-associate-saa-c02/
779	0	808752	/discussions/amazon/view/0-exam-aws-certified-solutions-architect-associate-saa-c02/
780	84543	808753	/discussions/amazon/view/84543-exam-aws-certified-solutions-architect-associate-saa-c02/
781	83387	808754	/discussions/amazon/view/83387-exam-aws-certified-solutions-architect-associate-saa-c02/
782	111190	808755	/discussions/amazon/view/111190-exam-aws-certified-solutions-architect-associate-saa-c02/
783	99458	808756	/discussions/amazon/view/99458-exam-aws-certified-solutions-architect-associate-saa-c02/
784	85577	808757	/discussions/amazon/view/85577-exam-aws-certified-solutions-architect-associate-saa-c02/
785	0	808758	/discussions/amazon/view/0-exam-aws-certified-solutions-architect-associate-saa-c02/
786	94564	808759	/discussions/amazon/view/94564-exam-aws-certified-solutions-architect-associate-saa-c02/
787	111191	808760	/discussions/amazon/view/111191-exam-aws-certified-solutions-architect-associate-saa-c02/
788	99451	808761	/discussions/amazon/view/99451-exam-aws-certified-solutions-architect-associate-saa-c02/
789	83201	808762	/discussions/amazon/view/83201-exam-aws-certified-solutions-architect-associate-saa-c02/
790	84700	808763	/discussions/amazon/view/84700-exam-aws-certified-solutions-architect-associate-saa-c02/
791	83336	808764	/discussions/amazon/view/83336-exam-aws-certified-solutions-architect-associate-saa-c02/
792	86341	808765	/discussions/amazon/view/86341-exam-aws-certified-solutions-architect-associate-saa-c02/
793	82685	808766	/discussions/amazon/view/82685-exam-aws-certified-solutions-architect-associate-saa-c02/
794	92983	808767	/discussions/amazon/view/92983-exam-aws-certified-solutions-architect-associate-saa-c02/
795	83282	808768	/discussions/amazon/view/83282-exam-aws-certified-solutions-architect-associate-saa-c02/
796	81503	808769	/discussions/amazon/view/81503-exam-aws-certified-solutions-architect-associate-saa-c02/
797	81504	808770	/discussions/amazon/view/81504-exam-aws-certified-solutions-architect-associate-saa-c02/
798	96830	808771	/discussions/amazon/view/96830-exam-aws-certified-solutions-architect-associate-saa-c02/
799	83853	808772	/discussions/amazon/view/83853-exam-aws-certified-solutions-architect-associate-saa-c02/
800	94130	808773	/discussions/amazon/view/94130-exam-aws-certified-solutions-architect-associate-saa-c02/
801	81507	808774	/discussions/amazon/view/81507-exam-aws-certified-solutions-architect-associate-saa-c02/
802	84147	808775	/discussions/amazon/view/84147-exam-aws-certified-solutions-architect-associate-saa-c02/
803	84160	808776	/discussions/amazon/view/84160-exam-aws-certified-solutions-architect-associate-saa-c02/
804	84247	808777	/discussions/amazon/view/84247-exam-aws-certified-solutions-architect-associate-saa-c02/
805	88416	808778	/discussions/amazon/view/88416-exam-aws-certified-solutions-architect-associate-saa-c02/
806	81524	808779	/discussions/amazon/view/81524-exam-aws-certified-solutions-architect-associate-saa-c02/
807	81525	808780	/discussions/amazon/view/81525-exam-aws-certified-solutions-architect-associate-saa-c02/
808	81528	808781	/discussions/amazon/view/81528-exam-aws-certified-solutions-architect-associate-saa-c02/
809	84704	808782	/discussions/amazon/view/84704-exam-aws-certified-solutions-architect-associate-saa-c02/
810	98425	808783	/discussions/amazon/view/98425-exam-aws-certified-solutions-architect-associate-saa-c02/
811	85914	808784	/discussions/amazon/view/85914-exam-aws-certified-solutions-architect-associate-saa-c02/
812	81530	808785	/discussions/amazon/view/81530-exam-aws-certified-solutions-architect-associate-saa-c02/
813	81531	808786	/discussions/amazon/view/81531-exam-aws-certified-solutions-architect-associate-saa-c02/
814	82701	808787	/discussions/amazon/view/82701-exam-aws-certified-solutions-architect-associate-saa-c02/
815	81532	808788	/discussions/amazon/view/81532-exam-aws-certified-solutions-architect-associate-saa-c02/
816	81534	808789	/discussions/amazon/view/81534-exam-aws-certified-solutions-architect-associate-saa-c02/
817	81535	808790	/discussions/amazon/view/81535-exam-aws-certified-solutions-architect-associate-saa-c02/
818	86219	808791	/discussions/amazon/view/86219-exam-aws-certified-solutions-architect-associate-saa-c02/
819	82696	808792	/discussions/amazon/view/82696-exam-aws-certified-solutions-architect-associate-saa-c02/
820	80865	808793	/discussions/amazon/view/80865-exam-aws-certified-solutions-architect-associate-saa-c02/
821	83786	808794	/discussions/amazon/view/83786-exam-aws-certified-solutions-architect-associate-saa-c02/
822	80859	808795	/discussions/amazon/view/80859-exam-aws-certified-solutions-architect-associate-saa-c02/
